id,email,phone,encrypted_password,email_confirmed_at,phone_confirmed_at,created_at,last_sign_in_at,raw_user_meta_data,raw_app_meta_data
b4626841-75d4-474b-bba7-ef032f73ad57,20700az@gmail.com,null,$2a$10$Zo6SIL01IA2/.hdRfbZu8emmibzlc0bFbo5obpebcirga5tMaE89m,null,null,2026-10-09 16:44:43.759096+00,null,"{""sub"":""b4626841-75d4-474b-bba7-ef032f73ad57"",""email"":""20700az@gmail.com"",""full_name"":""اوین حسابی"",""email_verified"":false,""phone_verified"":false}","{""provider"":""email"",""providers"":[""email""]}"
92e88b48-47ca-4446-bf01-24ba2f567c04,null,989029580299,$2a$10$oX3Z8tviTgmJ0F4bnNN.peWbI8DhAhnxRtsDwqFeta5U9Vw.xwSQy,null,2026-10-09 14:35:11.970205+00,2026-10-09 14:35:11.916592+00,null,"{""full_name"":""amirhosein""}","{""provider"":""phone"",""providers"":[""phone""]}"
864bf530-8cbe-48c1-b1a7-9ad3451c76ae,null,989913793087,$2a$10$4Bk4Cq9xdFmfhWL3xBmbcOcSRJHiL23tGEfqK0duGZaQsVo/9Zfay,null,2026-10-09 13:45:49.079011+00,2026-10-09 13:45:49.01619+00,2026-10-09 13:45:50.783495+00,"{""full_name"":""کاساندان""}","{""provider"":""phone"",""providers"":[""phone""]}"
56017643-c6df-47a6-9629-53eb66a677ba,fathiparyia@gmail.com,null,$2a$10$7LtWdJgmWHES7quazibyF.jxURf7C/4sNYPVUosyXKPfRulSOUaA.,2026-10-09 13:15:44.478388+00,null,2026-10-09 13:15:02.125964+00,2026-10-09 13:15:44.488338+00,"{""sub"":""56017643-c6df-47a6-9629-53eb66a677ba"",""email"":""fathiparyia@gmail.com"",""full_name"":""Pariya"",""email_verified"":true,""phone_verified"":false}","{""provider"":""email"",""providers"":[""email""]}"
64772e60-71b0-4098-8643-e219269aa43c,azzzzzzzzza11.1390@gmail.com,null,$2a$10$78y1s5H1oZPJlwBWsRFSxeGFQWdMJj/55Z2xg1f0dGxFCTkvFT.5W,null,null,2026-10-09 12:59:06.876085+00,null,"{""sub"":""64772e60-71b0-4098-8643-e219269aa43c"",""email"":""azzzzzzzzza11.1390@gmail.com"",""full_name"":""دینا"",""email_verified"":false,""phone_verified"":false}","{""provider"":""email"",""providers"":[""email""]}"
b81740ba-20c6-40ce-8dfd-ef1240fed021,aylintalebi77@gmail.com,null,$2a$10$Zo.IwI1N7jRfK18zsOodCuTJs6/gpGMCvaDfTnLCkPdY5W2d6AX8K,null,null,2026-10-09 12:33:29.693039+00,null,"{""sub"":""b81740ba-20c6-40ce-8dfd-ef1240fed021"",""email"":""aylintalebi77@gmail.com"",""full_name"":""Aylin talebi"",""email_verified"":false,""phone_verified"":false}","{""provider"":""email"",""providers"":[""email""]}"
4c36e0f0-bd8e-4cc4-8cf1-18d6fc045a39,naznynzhrakhawry@gmail.com,null,$2a$10$EJM7aekrmSsqUcvpwhgvRu4qu4s96gcYSXUc1OCxhm0F1QfbyN1oS,2026-10-09 11:44:21.893738+00,null,2026-10-09 11:43:52.557+00,2026-10-09 11:44:21.920448+00,"{""sub"":""4c36e0f0-bd8e-4cc4-8cf1-18d6fc045a39"",""email"":""naznynzhrakhawry@gmail.com"",""full_name"":""Nara Ackerman"",""email_verified"":true,""phone_verified"":false}","{""provider"":""email"",""providers"":[""email""]}"
0381d76e-ac6a-4f16-97b9-fc74db9b1408,m43879518@gmail.com,null,$2a$10$Zi/YItiTv5KvzkNxYgVzpOGnFep465CQqH3jgNlJXJP.UI5X/TbJe,null,null,2026-10-09 11:24:48.389176+00,null,"{""sub"":""0381d76e-ac6a-4f16-97b9-fc74db9b1408"",""email"":""m43879518@gmail.com"",""full_name"":""ᨶ႒ᩚ"",""email_verified"":false,""phone_verified"":false}","{""provider"":""email"",""providers"":[""email""]}"
d2257d31-af5d-4ab2-9659-12a88b1d8447,null,989114333786,$2a$10$jj4/4sasBwPCTxMzFYOdgO6SxEm67TZ.uOc5wx/yNPwgYaKzrFFc6,null,2026-10-09 11:23:01.357913+00,2026-10-09 11:23:01.284263+00,2026-10-09 11:23:02.946676+00,"{""full_name"":""حدیثه طلوعی""}","{""provider"":""phone"",""providers"":[""phone""]}"
874bddf2-0858-4e36-8ae0-a2bea2e240bf,one037617@gmail.com,null,$2a$10$pkPz9vGVvBLspAcgOjQVGedxoJxsIlzKNolwWFj6NwMI4ZtGuRtvO,2026-10-09 05:42:40.842877+00,null,2026-10-09 05:41:51.882704+00,2026-10-09 05:42:40.852029+00,"{""sub"":""874bddf2-0858-4e36-8ae0-a2bea2e240bf"",""email"":""one037617@gmail.com"",""full_name"":""Lilian"",""email_verified"":true,""phone_verified"":false}","{""provider"":""email"",""providers"":[""email""]}"
c8913e19-b89d-4887-8bf1-1da900b417ea,arimashigo@gmail.com,null,$2a$10$/O7c2Jf8Q7LLJRv5nHRJeOwijNtYsk5Uc0uFmSCvN9XTeaX21kX.W,2026-10-09 04:38:03.048785+00,null,2026-10-09 04:37:02.227517+00,2026-10-09 04:38:03.059289+00,"{""sub"":""c8913e19-b89d-4887-8bf1-1da900b417ea"",""email"":""arimashigo@gmail.com"",""full_name"":""arima"",""email_verified"":true,""phone_verified"":false}","{""provider"":""email"",""providers"":[""email""]}"
57b508ca-262e-495d-88ff-a0d52a5e60b3,null,989393441872,$2a$10$bldpWcLG6R6r6ixIyOKzPOPSh.AHLVCBdtaw2j4v4j1nRGXhSoIJ.,null,2026-10-08 21:10:38.749019+00,2026-10-08 21:10:38.672492+00,2026-10-08 21:10:40.383321+00,"{""full_name"":""K""}","{""provider"":""phone"",""providers"":[""phone""]}"
67965e7e-a4b3-4b76-a73d-dce4025b5b70,null,989333826203,$2a$10$Y6iADMxeIbkTCA9K5PqXt.3dl1lMMNXzpcp18NKlRe8wjmX300Qqu,null,2026-10-08 20:27:29.725981+00,2026-10-08 20:27:29.644703+00,2026-10-08 20:27:31.300999+00,"{""full_name"":""مینا""}","{""provider"":""phone"",""providers"":[""phone""]}"
f6412652-c5a6-486b-8b7e-776f9d59c503,bganjnzadraouf@gmail.com,null,$2a$10$cywb7GCfUYWwVDGV44aH5ujsxFQCutgN.oGXINmxomeMouETU5jE.,2026-10-08 19:50:46.37256+00,null,2026-10-08 19:50:14.071719+00,2026-10-08 19:50:46.380284+00,"{""sub"":""f6412652-c5a6-486b-8b7e-776f9d59c503"",""email"":""bganjnzadraouf@gmail.com"",""full_name"":""Raouf"",""email_verified"":true,""phone_verified"":false}","{""provider"":""email"",""providers"":[""email""]}"
2088d3c5-7e0a-4a50-9731-da69ed57f219,bahlkhaman@gmail.com,null,$2a$10$BbGyQ/hwIndRid5VxVV5hOOzvWFWHJLGgCcDgywmwSnHMgP/68wxy,2026-10-08 19:08:33.368551+00,null,2026-10-08 19:08:10.377041+00,2026-10-08 19:08:33.374427+00,"{""sub"":""2088d3c5-7e0a-4a50-9731-da69ed57f219"",""email"":""bahlkhaman@gmail.com"",""full_name"":""mmdtaha"",""email_verified"":true,""phone_verified"":false}","{""provider"":""email"",""providers"":[""email""]}"
e916af4a-52a1-45aa-9d0e-844324ab8469,null,989194588790,$2a$10$C3TyctOVdDEB9EyMGvnK4OsFwMlK6KqDc/YuDAfoMwEzz5MKBorzm,null,2026-10-08 19:02:58.153459+00,2026-10-08 19:02:58.068077+00,2026-10-08 19:02:58.971178+00,"{""full_name"":""سهیل محمدی""}","{""provider"":""phone"",""providers"":[""phone""]}"
9b1ccefe-9654-45f1-9b88-a1332dab9e8c,neda.cheraghan01@gmail.com,null,$2a$10$zZKsBx/StQadqS4SYgKF4u.L9ttusW1ylMZy97ZGw.yDwQX4fciP2,2026-10-08 17:47:41.471849+00,null,2026-10-08 17:46:52.878977+00,2026-10-09 09:45:50.374384+00,"{""sub"":""9b1ccefe-9654-45f1-9b88-a1332dab9e8c"",""email"":""neda.cheraghan01@gmail.com"",""full_name"":""MS.moon"",""email_verified"":true,""phone_verified"":false}","{""provider"":""email"",""providers"":[""email""]}"
f86c78ea-d7d2-4e74-b6e0-a445fef38f7b,elinmoradi482@gmail.com,null,$2a$10$Rt/LiKwCv/dug6yUdfTwAOfvf8vbR9t3G1ETcRiD7TOiKrMJDXb1O,null,null,2026-10-08 14:29:08.656637+00,null,"{""sub"":""f86c78ea-d7d2-4e74-b6e0-a445fef38f7b"",""email"":""elinmoradi482@gmail.com"",""full_name"":""Elina"",""email_verified"":false,""phone_verified"":false}","{""provider"":""email"",""providers"":[""email""]}"
d0cd256d-e2d9-46f4-ad6f-3baf8124b8fd,kianaaliha91@gmail.com,null,$2a$10$J4skCMgUybp9R23wRdoTT.6h8DOf9sgZf2ESvyBdSrl35oFgXS1VS,null,null,2026-10-08 11:45:31.880423+00,null,"{""sub"":""d0cd256d-e2d9-46f4-ad6f-3baf8124b8fd"",""email"":""kianaaliha91@gmail.com"",""full_name"":""کیانا محمد علیها"",""email_verified"":false,""phone_verified"":false}","{""provider"":""email"",""providers"":[""email""]}"
46adb926-a3a6-4ea3-a6a2-8149c66ef14b,null,989158744189,$2a$10$18BqVv2h0U5kUQrThxG0AeHyxKS70.U2FzBnNlV0WS1wfz04dFpw.,null,2026-10-08 10:58:20.796213+00,2026-10-08 10:58:20.722295+00,2026-10-08 10:58:22.172972+00,"{""full_name"":""مبین""}","{""provider"":""phone"",""providers"":[""phone""]}"
9fe5a806-c89e-4783-a6da-23ac33cd5274,dianakhezri11@gmail.com,null,$2a$10$0oRV4KrIDQSBXN4MRbnFL.bolt1HkCbaOwaUMW4bgbLh1hOA70AgO,null,null,2026-10-08 10:42:00.942334+00,null,"{""sub"":""9fe5a806-c89e-4783-a6da-23ac33cd5274"",""email"":""dianakhezri11@gmail.com"",""full_name"":""دیانا خضری"",""email_verified"":false,""phone_verified"":false}","{""provider"":""email"",""providers"":[""email""]}"
edc46e88-0fdf-47e6-9b80-f8b94fee1cca,null,989172417808,$2a$10$CmO/hO16BSJ/bNkYBvMb/ueE4Gxp8k1MjZh8zBKIr92NX9YY3As/e,null,2026-10-08 08:48:28.004225+00,2026-10-08 08:48:27.926422+00,null,"{""full_name"":""ستاره سرا""}","{""provider"":""phone"",""providers"":[""phone""]}"
3c21b821-4c5a-4578-bcc9-3e90fdf88f44,mazraehfruit@gmail.com,null,$2a$10$D57bi16sUxyJ6dCCX2MLm.qCKSWWiaFgH6rdeb0jwBiOarhKQ.7Ay,null,null,2026-10-08 08:23:30.413548+00,null,"{""sub"":""3c21b821-4c5a-4578-bcc9-3e90fdf88f44"",""email"":""mazraehfruit@gmail.com"",""full_name"":""ارام سحری"",""email_verified"":false,""phone_verified"":false}","{""provider"":""email"",""providers"":[""email""]}"
6ab1a609-0028-4642-b659-be619c58d87b,mjydynarges@gmail.com,null,$2a$10$O7bdgXfnkuauxXOx.jgLQ.ZPFDU17oHrmSeiAq2byuG1oAWcuaOmm,null,null,2026-10-08 05:50:25.620015+00,null,"{""sub"":""6ab1a609-0028-4642-b659-be619c58d87b"",""email"":""mjydynarges@gmail.com"",""full_name"":""نرگس مجیدی"",""email_verified"":false,""phone_verified"":false}","{""provider"":""email"",""providers"":[""email""]}"
ac79465b-f5b3-4f4e-9200-420b1d18fbd3,k2310640@gmail.com,null,$2a$10$YZna8ycwidSw9ped6hztiuSeOZP3JCVeBr/nlz.qXWVjNjrX7MuYC,2026-10-07 19:00:33.12989+00,null,2026-10-07 18:59:58.725945+00,2026-10-07 19:00:33.149473+00,"{""sub"":""ac79465b-f5b3-4f4e-9200-420b1d18fbd3"",""email"":""k2310640@gmail.com"",""full_name"":""Roses"",""email_verified"":true,""phone_verified"":false}","{""provider"":""email"",""providers"":[""email""]}"
13da934a-522e-42aa-b914-6c054c060b01,nono09031500644@gmail.com,null,$2a$10$IIT1vRoQv5ftWEt1FCLZvurom4Fdk7Ols7U9XLgAYD9GpkPoHBvUC,2026-10-07 16:37:09.654305+00,null,2026-10-07 16:36:19.778361+00,2026-10-07 16:37:09.67688+00,"{""sub"":""13da934a-522e-42aa-b914-6c054c060b01"",""email"":""nono09031500644@gmail.com"",""full_name"":""نرگس"",""email_verified"":true,""phone_verified"":false}","{""provider"":""email"",""providers"":[""email""]}"
947d7d54-f54b-446b-be90-e560a70a4f21,null,989928089179,$2a$10$U.xgsTpzyU0wP8.l/w4JP.RbNM8mejllNeoVHVFkHBqQhs0wQF3Bi,null,2026-10-07 11:06:20.35774+00,2026-10-07 11:06:20.314929+00,2026-10-07 11:06:21.269264+00,"{""full_name"":""Hasti""}","{""provider"":""phone"",""providers"":[""phone""]}"
58fa25f5-0015-4b06-93ab-22bf26eb5990,hasti.sijani@gmail.com,null,$2a$10$YwDCdax5PGMFtQz6y.TT0enRsm59wi1adeyigApOeLKm/gxUEz6/G,null,null,2026-10-07 11:01:41.210842+00,null,"{""sub"":""58fa25f5-0015-4b06-93ab-22bf26eb5990"",""email"":""hasti.sijani@gmail.com"",""full_name"":""Hasti"",""email_verified"":false,""phone_verified"":false}","{""provider"":""email"",""providers"":[""email""]}"
e0bfc555-cd03-4fe0-a863-bc9c40f1752d,lalivoosi@gmail.com,null,$2a$10$Rju8tnC3EX9VqcrKK2aInO7hyQfUH1oWLLQVQOx1j8oYoZdetENTS,null,null,2026-10-07 07:57:25.330454+00,null,"{""sub"":""e0bfc555-cd03-4fe0-a863-bc9c40f1752d"",""email"":""lalivoosi@gmail.com"",""full_name"":""set"",""email_verified"":false,""phone_verified"":false}","{""provider"":""email"",""providers"":[""email""]}"
0abf29db-9537-4d14-afde-731e65b73c72,lalavoosi@gmail.com,null,$2a$10$URkeWkiztIHIwXlMndrjHO1xKPsoEEO.aWL3iLu6KhZ4iZnC0iCkO,null,null,2026-10-07 07:55:04.37408+00,null,"{""sub"":""0abf29db-9537-4d14-afde-731e65b73c72"",""email"":""lalavoosi@gmail.com"",""full_name"":""set"",""email_verified"":false,""phone_verified"":false}","{""provider"":""email"",""providers"":[""email""]}"
9ab5c068-ec65-4a48-85e5-9199b1e2eceb,null,989376429739,$2a$10$NazYzWm5UfQ8ds.lju0Jp.30tIeoPOgaNJNROezty/cK6ia2pNS5y,null,2026-10-06 18:10:17.703234+00,2026-10-06 18:10:17.602871+00,2026-10-06 18:10:18.444339+00,"{""full_name"":""Skylar""}","{""provider"":""phone"",""providers"":[""phone""]}"
b4773593-8d4e-4f01-8ba0-8bc5f4cf165d,null,989056063470,$2a$10$VITN8PbegRcHesSIQVVZge23vs6mZjbHeGHTVotNj.4FuAkFl0NIG,null,2026-10-06 12:30:39.558161+00,2026-10-06 12:30:39.474478+00,2026-10-06 17:26:52.605954+00,"{""full_name"":""هلیانا عباسی""}","{""provider"":""phone"",""providers"":[""phone""]}"
6ae6e5a4-3950-44c6-a783-793fcd5e5f08,null,989222177308,$2a$10$hN9jtCAMxp611E.WSo4sl.k42JQQb30DKx01Ix4bNv0HYPOYNwWZq,null,2026-10-06 12:04:25.726285+00,2026-10-06 12:04:25.674364+00,2026-10-06 12:04:27.745263+00,"{""full_name"":""امیر""}","{""provider"":""phone"",""providers"":[""phone""]}"
686de428-3c27-430b-a306-f8c2ebde4ece,10batman102022@gmail.com,null,$2a$10$Y8SX3VKEbO6t23V9Lx8xaePaYGxyVzm/.Xkbt1zdbzNX/COpdALCa,2026-10-06 08:49:24.359261+00,null,2026-10-06 08:48:37.000369+00,2026-10-06 08:49:24.367418+00,"{""sub"":""686de428-3c27-430b-a306-f8c2ebde4ece"",""email"":""10batman102022@gmail.com"",""full_name"":""امیر حسین حیدری"",""email_verified"":true,""phone_verified"":false}","{""provider"":""email"",""providers"":[""email""]}"
ce187b16-dc06-4aed-a252-44d1763a7b30,sarawinner646@gmail.com,null,$2a$10$cpG9VIXYeB5ddSOSaNLFaOxc3sNQzlWFUI5vV2b3T18AlHOcD7T1u,2026-10-05 18:12:41.166448+00,null,2026-10-05 18:12:21.21887+00,2026-10-05 18:12:41.171136+00,"{""sub"":""ce187b16-dc06-4aed-a252-44d1763a7b30"",""email"":""sarawinner646@gmail.com"",""full_name"":""زهرا"",""email_verified"":true,""phone_verified"":false}","{""provider"":""email"",""providers"":[""email""]}"
79e7944c-ba7e-47dd-ab6f-af2d7f5f1527,r2011ataei@gmail.com,null,$2a$10$kcqBUoAve1CZxrYR4tCs8.OnlM3Qvnz/zzkut78R8zrydlK5.B4OS,2026-10-05 17:01:49.60576+00,null,2026-10-05 17:01:11.644333+00,2026-10-05 17:01:49.625045+00,"{""sub"":""79e7944c-ba7e-47dd-ab6f-af2d7f5f1527"",""email"":""r2011ataei@gmail.com"",""full_name"":""ZAX"",""email_verified"":true,""phone_verified"":false}","{""provider"":""email"",""providers"":[""email""]}"
46bd1649-fe90-4175-8cd6-9bb1a21058b2,ilya.asadi203040@gmail.com,null,$2a$10$Go0ExS5xNlrGXtYV8zhEiuZOSmQWucPbBh83z0XuHOcfLCkea1sme,2026-10-05 11:38:47.877588+00,null,2026-10-05 11:38:01.75235+00,2026-10-05 11:38:47.896025+00,"{""sub"":""46bd1649-fe90-4175-8cd6-9bb1a21058b2"",""email"":""ilya.asadi203040@gmail.com"",""full_name"":""ایلیا"",""email_verified"":true,""phone_verified"":false}","{""provider"":""email"",""providers"":[""email""]}"
fe604ce0-8530-4b9b-91d6-f5f15558cbb4,10.9.azazazzzz@gmail.com,null,$2a$10$LzZ6/K5GbnJ2vvR48Uc9jO5ugLSs1SBmZ4JmB3L4KrTkF3z1ffPwa,null,null,2026-10-05 07:51:09.312951+00,null,"{""sub"":""fe604ce0-8530-4b9b-91d6-f5f15558cbb4"",""email"":""10.9.azazazzzz@gmail.com"",""full_name"":""Niki"",""email_verified"":false,""phone_verified"":false}","{""provider"":""email"",""providers"":[""email""]}"
bec9bd53-8bd9-4217-adfc-dc30888eb624,mohana.mohammadi6262@gmail.com,null,$2a$10$lW/cwMBQa97RJ7F0owpHA.admTlfP4aD2.rm/.iNCmBk5h428wDEy,null,null,2026-10-05 05:32:51.342192+00,null,"{""sub"":""bec9bd53-8bd9-4217-adfc-dc30888eb624"",""email"":""mohana.mohammadi6262@gmail.com"",""full_name"":""nova"",""email_verified"":false,""phone_verified"":false}","{""provider"":""email"",""providers"":[""email""]}"
55a98d44-f4ea-4b62-a596-0e931bf872b5,mohammadmahdi2389p@gmail.com,null,$2a$10$UGkclphtdSh60VY/xcntHOOzZ5akvGR5TbUpai/yYTacmC0GfHrbC,2026-10-05 00:59:53.220767+00,null,2026-10-05 00:59:08.90027+00,2026-10-09 15:12:44.061576+00,"{""sub"":""55a98d44-f4ea-4b62-a596-0e931bf872b5"",""email"":""mohammadmahdi2389p@gmail.com"",""full_name"":""er"",""email_verified"":true,""phone_verified"":false}","{""provider"":""email"",""providers"":[""email""]}"
85148471-d390-4f97-81da-8fc0e51fcfb3,null,989394388967,$2a$10$tDuK87V7M9zYHyI6wXeKpeOdJui0T7NBljjHQVzyPwV.NEmKEZv5K,null,2026-10-05 00:30:10.180259+00,2026-10-05 00:30:10.104742+00,null,"{""full_name"":""DAN""}","{""provider"":""phone"",""providers"":[""phone""]}"
7221b0d3-4428-4bcf-8ad8-40304c2b7b12,null,989366887944,$2a$10$PZkYAPPlJI/Dzf3d4fhwJOFv.PqL0gEFeFHf8ROBj9ls4g71U.ovK,null,2026-10-04 20:20:44.494818+00,2026-10-04 20:20:44.467962+00,2026-10-04 20:20:47.090227+00,"{""full_name"":""یوسف""}","{""provider"":""phone"",""providers"":[""phone""]}"
3323e413-bfe7-44e3-b143-504a8af09894,yuuuseffmafi@gmail.com,null,$2a$10$VUsRLGtQvzSJDqVB/5d2yuyHgMBb05q.cjEZLYXHfI2BtDf30HvXS,2026-10-05 00:31:58.940232+00,null,2026-10-04 20:17:37.024688+00,null,"{""sub"":""3323e413-bfe7-44e3-b143-504a8af09894"",""email"":""yuuuseffmafi@gmail.com"",""full_name"":""یوسف"",""email_verified"":false,""phone_verified"":false}","{""provider"":""email"",""providers"":[""email""]}"
6ecbd59c-3432-4f0c-91ba-1fc0d25c9073,null,989379389064,$2a$10$Mcp3LhX6zmVGlsLoLGaZ2.QuGCp8mrUflyciAoQmVTI2EoC3xH94K,null,2026-10-04 16:11:52.925856+00,2026-10-04 16:11:52.89143+00,2026-10-04 16:11:54.646924+00,"{""full_name"":""بارسین پارسازاده""}","{""provider"":""phone"",""providers"":[""phone""]}"
f68f2116-3e70-487d-a39d-9edf1f0e51ea,mahyaparsazadeh@gmail.com,null,$2a$10$8Tx3fL4tArIz1EK523xbVeBewspYluNwZ3/Q4cM0Bv9b2kE1kwVUm,2026-10-05 00:31:58.940232+00,null,2026-10-04 16:07:26.769343+00,null,"{""sub"":""f68f2116-3e70-487d-a39d-9edf1f0e51ea"",""email"":""mahyaparsazadeh@gmail.com"",""full_name"":""محیا پارسازاده"",""email_verified"":false,""phone_verified"":false}","{""provider"":""email"",""providers"":[""email""]}"
44ec688f-a5eb-4ab6-8015-8c26574a3ca1,null,989907658480,$2a$10$lrKAMuPxT63U0OieEqu9VuIdY3hGsJUFBi/55A1yv.SA7L1PhMSh6,null,2026-10-04 12:02:39.548606+00,2026-10-04 12:02:39.463935+00,2026-10-04 14:10:28.065259+00,"{""full_name"":""علیرضا""}","{""provider"":""phone"",""providers"":[""phone""]}"
85f62bd0-a382-4e07-b5af-e8a2319f14b3,null,989211438273,$2a$10$XNHp4DpmOwobvVFvczapkuNa5DOWPwMkAkOv6iqvygzjhkJJb1aPq,null,2026-10-04 11:39:10.920319+00,2026-10-04 11:39:10.841658+00,2026-10-04 11:41:45.828873+00,"{""full_name"":""nini""}","{""provider"":""phone"",""providers"":[""phone""]}"
c564ea59-f225-4d86-90b1-2c74389a4bb5,beheshti77b88@gmail.com,null,$2a$10$NWdiUzkwgr/54/3Xi7VIHO2ib5RSO9lx/9lAYjGgUobChtwNppnqG,2026-10-03 18:59:37.379673+00,null,2026-10-03 18:58:41.822362+00,2026-10-03 18:59:37.388039+00,"{""sub"":""c564ea59-f225-4d86-90b1-2c74389a4bb5"",""email"":""beheshti77b88@gmail.com"",""full_name"":""yeon"",""email_verified"":true,""phone_verified"":false}","{""provider"":""email"",""providers"":[""email""]}"
534e0fe0-5686-4735-aa80-bb3802d26f4e,m10833624@gmail.com,null,$2a$10$zZDVvunpNi6MlPZYlzqzE.dJ5IQkVKBb8GRkDt/RbYNpCOG8eDJ6K,2026-10-03 17:22:47.850362+00,null,2026-10-03 17:22:20.142948+00,2026-10-03 17:22:47.85927+00,"{""sub"":""534e0fe0-5686-4735-aa80-bb3802d26f4e"",""email"":""m10833624@gmail.com"",""full_name"":""محمد قابلی"",""email_verified"":true,""phone_verified"":false}","{""provider"":""email"",""providers"":[""email""]}"
d7f49c01-8fad-4b31-b241-59edfe1e03ce,zoha.za91@gmail.com,null,$2a$10$EN/N0Ep6TENefPOQk4zzbuK0kxYFxifItY.iEhMYMYLbp4iCkGhee,2026-10-03 16:17:12.120557+00,null,2026-10-03 16:16:11.684167+00,2026-10-03 16:17:12.131136+00,"{""sub"":""d7f49c01-8fad-4b31-b241-59edfe1e03ce"",""email"":""zoha.za91@gmail.com"",""full_name"":""سیده ضحی نسائی"",""email_verified"":true,""phone_verified"":false}","{""provider"":""email"",""providers"":[""email""]}"
730a67ab-d5a4-4473-afc9-26411004cf56,fifiwho555@gmail.com,null,$2a$10$GjibK8DR7NOk8RAkIC13kuQj5E08UKQjqKcmfyJVMCBX427EACZQi,2026-10-03 15:21:27.4074+00,null,2026-10-03 15:20:54.388499+00,2026-10-03 15:21:27.434342+00,"{""sub"":""730a67ab-d5a4-4473-afc9-26411004cf56"",""email"":""fifiwho555@gmail.com"",""full_name"":""Leni"",""email_verified"":true,""phone_verified"":false}","{""provider"":""email"",""providers"":[""email""]}"
3c9d51bc-167e-484f-8a7d-c9fc9ca40feb,abolazlpro@gmail.com,null,$2a$10$vglbzVx5.bNbQj5o7Vqd/ueJrMnV9h.eZV2l8FhJj/DfFqzBUnHp.,null,null,2026-10-03 11:20:44.040123+00,null,"{""sub"":""3c9d51bc-167e-484f-8a7d-c9fc9ca40feb"",""email"":""abolazlpro@gmail.com"",""full_name"":""نانا"",""email_verified"":false,""phone_verified"":false}","{""provider"":""email"",""providers"":[""email""]}"
a67d04d1-1d00-4816-974d-5b1efe598fe1,abol59766@gmail.com,null,$2a$10$pyXbMN1xubatWUBuTlW2MOpgcW8po8bQeNBdTg.cG3VfNmRvHHef6,2026-10-03 03:02:03.176677+00,null,2026-10-03 03:00:03.411457+00,2026-10-03 03:02:03.189076+00,"{""sub"":""a67d04d1-1d00-4816-974d-5b1efe598fe1"",""email"":""abol59766@gmail.com"",""full_name"":""Mr_Punch"",""email_verified"":true,""phone_verified"":false}","{""provider"":""email"",""providers"":[""email""]}"
1a02782d-675f-4ed1-b50e-90f61b036b05,liverpoolfanclub91@gmail.com,null,$2a$10$TRerK1s7O02Ee/HkL7.2Z./Cno6Wx2KT1zDKfYcefKvQacH4G4Yl2,null,null,2026-10-02 23:09:39.723263+00,null,"{""sub"":""1a02782d-675f-4ed1-b50e-90f61b036b05"",""email"":""liverpoolfanclub91@gmail.com"",""full_name"":""رها"",""email_verified"":false,""phone_verified"":false}","{""provider"":""email"",""providers"":[""email""]}"
c44a8de4-4a34-48ce-badd-e41f85ee3540,null,989395430446,$2a$10$gWFqXf6BiIDM8g6co2lloeW0fcyRiBR5ZLigPh3DADYMX.1iXW/lO,null,2026-10-02 23:09:10.032966+00,2026-10-02 23:09:09.933389+00,2026-10-02 23:09:11.006992+00,"{""full_name"":""Naim""}","{""provider"":""phone"",""providers"":[""phone""]}"
48dac026-1b88-4dcf-b012-532c0908b89c,sagharsaeedi2012@gmail.com,null,$2a$10$pQyOyCmegPXRE5xa.16HuO.oqyjVsL9QNeQkVrVZ5zo2NjFM2mW2e,2026-10-02 20:03:31.981025+00,null,2026-10-02 20:02:17.357456+00,2026-10-02 20:03:32.003578+00,"{""sub"":""48dac026-1b88-4dcf-b012-532c0908b89c"",""email"":""sagharsaeedi2012@gmail.com"",""full_name"":""S.S"",""email_verified"":true,""phone_verified"":false}","{""provider"":""email"",""providers"":[""email""]}"
d5b20955-ee4e-4c5e-90b1-88673b5b8d91,null,989228324311,$2a$10$Scc6E1brhbP1q6DcuTsuYO20Y45DKp8l59FhYYzHCmGVFc3bM0ZlS,null,2026-10-02 20:00:30.81152+00,2026-10-02 20:00:30.787062+00,2026-10-02 20:00:31.601428+00,"{""full_name"":""Amirabas JAFARI""}","{""provider"":""phone"",""providers"":[""phone""]}"
fdc5ae2f-1069-4c33-b345-5f9b3a71c6d6,assdfghjklasd40@gmail.com,null,$2a$10$lhwFB/JQc24wDASR34X27OWn/2RqG9eUg91tzeM.Z1.dIbnPvzzTW,null,null,2026-10-02 19:59:11.052409+00,null,"{""sub"":""fdc5ae2f-1069-4c33-b345-5f9b3a71c6d6"",""email"":""assdfghjklasd40@gmail.com"",""full_name"":""S.S"",""email_verified"":false,""phone_verified"":false}","{""provider"":""email"",""providers"":[""email""]}"
59b11e15-df53-4530-ae48-e0dee204da95,amirabasjafari963@gmail.com,null,$2a$10$s3l2Lam2puyDVwNlhd9AR.GAemiQb6O6niboJu1xWGsBkeg0ycxu6,null,null,2026-10-02 19:57:50.272506+00,null,"{""sub"":""59b11e15-df53-4530-ae48-e0dee204da95"",""email"":""amirabasjafari963@gmail.com"",""full_name"":""Amir abas JAFARI"",""email_verified"":false,""phone_verified"":false}","{""provider"":""email"",""providers"":[""email""]}"
6e7afecf-5cf8-40b6-8f2b-c2b1f662b729,yasynkhtr93@gmail.com,null,$2a$10$eBsw22JEvlqLaYtAteinhOVickIH5.xOdrDX3acDRxmuWrXJ.i2i6,null,null,2026-10-02 18:10:49.151197+00,null,"{""sub"":""6e7afecf-5cf8-40b6-8f2b-c2b1f662b729"",""email"":""yasynkhtr93@gmail.com"",""full_name"":""آیدین محمدی"",""email_verified"":false,""phone_verified"":false}","{""provider"":""email"",""providers"":[""email""]}"
4f26c7e9-d4d6-496c-b860-56cf63f6601b,null,989394443023,$2a$10$w3/qmTn6OFz7H7dMb/QIzel8UhNwKFKPRVsINEmhGTFo2QDVZktg.,null,2026-10-02 17:16:19.874418+00,2026-10-02 17:16:19.811922+00,2026-10-02 17:16:21.031229+00,"{""full_name"":""امیرمحمد پژوم""}","{""provider"":""phone"",""providers"":[""phone""]}"
f2295235-fb34-4c79-9057-8898c6ca239e,null,989015731874,$2a$10$f1uh8i8sIor/5veuoNqqjuDmI4tCrzbkMbU/zD6eJGabas2KCpq42,null,2026-10-02 16:41:11.569755+00,2026-10-02 16:41:11.54338+00,2026-10-02 16:41:12.306922+00,"{""full_name"":""مانلی""}","{""provider"":""phone"",""providers"":[""phone""]}"
e955c94f-8337-4a7e-898d-ab939186f236,manely.a02@gmail.com,null,$2a$10$4AqOb23.aWwmewyhSzUtMu3ExTcBZMctti9ip6RzAkNrkTOly7J5W,null,null,2026-10-02 16:39:31.571837+00,null,"{""sub"":""e955c94f-8337-4a7e-898d-ab939186f236"",""email"":""manely.a02@gmail.com"",""full_name"":""مانلی"",""email_verified"":false,""phone_verified"":false}","{""provider"":""email"",""providers"":[""email""]}"
bd33bb7b-cd1b-45a9-9500-6190e624054b,null,989303642711,$2a$10$5EUnBwBjTtn7FhGbrbVNNuVN4UNNPLTH4VGjcJmFp8BeZgoZXB9n6,null,2026-10-02 14:19:50.719449+00,2026-10-02 14:19:50.668395+00,2026-10-02 14:19:51.395918+00,"{""full_name"":""Daria""}","{""provider"":""phone"",""providers"":[""phone""]}"
42b67d65-14b0-43c4-a872-944f576cd99a,null,989907592949,$2a$10$ivcZ.6NybiHXxiMnBGQsKuzv2/SEBgsmdAuAhwTdiiNknTq/A4YjK,null,2026-10-02 11:47:19.498466+00,2026-10-02 11:47:19.440881+00,2026-10-02 11:47:20.527137+00,"{""full_name"":""sania""}","{""provider"":""phone"",""providers"":[""phone""]}"
80a0f05a-6d27-488e-bf68-859ecba5cb39,asadimostafa1386@gmail.com,null,$2a$10$1vfxNMJMVTpIiRgoH3Rk4uiAAvq7mOLntRRBb3GtvA3FoA4WGCTQ.,2026-10-02 06:59:50.658658+00,null,2026-10-02 06:58:55.159606+00,2026-10-02 06:59:50.673092+00,"{""sub"":""80a0f05a-6d27-488e-bf68-859ecba5cb39"",""email"":""asadimostafa1386@gmail.com"",""full_name"":""مصطفی"",""email_verified"":true,""phone_verified"":false}","{""provider"":""email"",""providers"":[""email""]}"
85bbaf03-384c-49bd-bdd0-640113d2340d,null,989163168957,$2a$10$SSIjBkkICNTz1e3Xf/VOP.NPxuwFTYJOGVKpgXq4b5Uv0..AW03i6,null,2026-10-01 23:31:25.96241+00,2026-10-01 23:31:25.862549+00,2026-10-01 23:31:26.678393+00,"{""full_name"":""مریم""}","{""provider"":""phone"",""providers"":[""phone""]}"
d038585c-c67c-48e4-bda3-5f1f8e704fea,null,989366631237,$2a$10$bAAYeiNE.x2XnRCFIVZSCu7W5HKQttaCpCzO6uzs44VMvWYyN5pvi,null,2026-10-01 21:47:35.003615+00,2026-10-01 21:47:34.92073+00,2026-10-01 21:51:34.048831+00,"{""full_name"":""مهدی""}","{""provider"":""phone"",""providers"":[""phone""]}"
b6ec7f62-8ef5-42aa-aa82-5397455c4a70,null,989226683523,$2a$10$vk8hM2Tjl5nAPehDwLh7JeHKvmdv.qMQMoDFAcNUHqaZH48Ed23PO,null,2026-10-01 16:20:02.917705+00,2026-10-01 16:20:02.874218+00,2026-10-01 16:20:03.682429+00,"{""full_name"":""احمد رضا""}","{""provider"":""phone"",""providers"":[""phone""]}"
1e9d608f-1da1-4185-9ff0-7e3ed0d317fc,nsreza17@gmail.com,null,$2a$10$lISU7dxeOpFcjCRz/vZD4ukdOHa2QHFNio6vG1qjup6A8e.8t5tLm,2026-10-01 16:23:07.684944+00,null,2026-10-01 16:09:30.816874+00,2026-10-01 16:23:07.712626+00,"{""sub"":""1e9d608f-1da1-4185-9ff0-7e3ed0d317fc"",""email"":""nsreza17@gmail.com"",""full_name"":""15305efbx"",""email_verified"":true,""phone_verified"":false}","{""provider"":""email"",""providers"":[""email""]}"
145567f5-43f4-465a-bd71-a0306b7ae3c2,bakhshiarva@gmail.com,null,$2a$10$uMPHP16.ZGmhr.5S1l/bseROvcE/yHq.nvTfN/q4qZczcbufwDO4a,null,null,2026-10-01 16:08:41.722072+00,null,"{""sub"":""145567f5-43f4-465a-bd71-a0306b7ae3c2"",""email"":""bakhshiarva@gmail.com"",""full_name"":""ریهاکو اسمیتای"",""email_verified"":false,""phone_verified"":false}","{""provider"":""email"",""providers"":[""email""]}"
554e7f95-f997-47ca-b69d-f6994059c8b5,ali70397039@gmail.com,null,$2a$10$WYDTVF9VFeMytxSHosCF.eCqr5S7UbzFGx.I33.5nNM7J76zXUhnO,2026-10-01 15:43:25.485509+00,null,2026-10-01 15:42:22.113934+00,2026-10-01 15:43:25.503286+00,"{""sub"":""554e7f95-f997-47ca-b69d-f6994059c8b5"",""email"":""ali70397039@gmail.com"",""full_name"":""ali"",""email_verified"":true,""phone_verified"":false}","{""provider"":""email"",""providers"":[""email""]}"
97d0679c-1341-4876-9b56-dcd82b45f53b,ayla01977@gmail.com,null,$2a$10$xR8ie3DEC763b8Mi.RWe.uFvl/BPqiXuAAUl7SMtXgG.MpcB4GGba,null,null,2026-10-01 15:09:33.185516+00,null,"{""sub"":""97d0679c-1341-4876-9b56-dcd82b45f53b"",""email"":""ayla01977@gmail.com"",""full_name"":""kimi"",""email_verified"":false,""phone_verified"":false}","{""provider"":""email"",""providers"":[""email""]}"
9d420043-13eb-4bfb-a797-44dd2bec67c6,null,989192531791,$2a$10$wF7dWaGW2KrRJLbD9//dD.xdBwgYgtu0q075uvfeBQ4eVycJDKDPy,null,2026-10-01 13:34:11.623753+00,2026-10-01 13:34:11.594858+00,2026-10-02 08:42:14.266029+00,"{""full_name"":""taehyung""}","{""provider"":""phone"",""providers"":[""phone""]}"
4a005d77-da72-43d4-9c72-4cbb2ec6b593,armin24600@gmail.com,null,$2a$10$ulwpHNOhF.0cusvF4hwKBuD92uef9FqzpDoKvH8vkzVhPjBxVSaZu,2026-10-01 13:27:58.467969+00,null,2026-10-01 13:26:45.794323+00,2026-10-01 13:27:58.485576+00,"{""sub"":""4a005d77-da72-43d4-9c72-4cbb2ec6b593"",""email"":""armin24600@gmail.com"",""full_name"":""Armin"",""email_verified"":true,""phone_verified"":false}","{""provider"":""email"",""providers"":[""email""]}"
46725e71-f902-4ab8-aa39-133253be035b,null,989133900272,$2a$10$0BEV4qPtCbnKvI8V/Og9u.1bdp1JjMqFovI4GH8O5ifK38.xeiLqC,null,2026-10-01 13:21:33.130359+00,2026-10-01 13:21:33.086933+00,2026-10-01 13:21:34.465097+00,"{""full_name"":""…..""}","{""provider"":""phone"",""providers"":[""phone""]}"
682f7ba8-6cb7-46ce-ba1f-2820aaa3dc34,null,989185527855,$2a$10$DEI.mr99pV/FA3nweY9tFO95U4BNwZKmWpYCndu6n135cbFqWYySa,null,2026-10-01 12:04:18.544359+00,2026-10-01 12:04:18.486389+00,2026-10-01 12:04:21.099961+00,"{""full_name"":""AaAaAa""}","{""provider"":""phone"",""providers"":[""phone""]}"
3b03e19d-96aa-410e-9fa6-765cd5539282,ahmadahmade2580@gmail.com,null,$2a$10$cQojrTD0OuLaPWPY72aWdexwGa37Ln1qwzjerghkaswtoTg9bnmhy,null,null,2026-10-01 11:33:15.54667+00,null,"{""sub"":""3b03e19d-96aa-410e-9fa6-765cd5539282"",""email"":""ahmadahmade2580@gmail.com"",""full_name"":""هلیا"",""email_verified"":false,""phone_verified"":false}","{""provider"":""email"",""providers"":[""email""]}"
fb3eb139-ba99-477c-8a12-8286c6c8734f,abwlfdlrazh@gmail.com,null,$2a$10$3Jy6y4Ek3uu.DZbsqV.M0.ZbwbfVVwBVtNpXjY0jkAf.TINr67rX.,2026-10-01 10:43:51.309107+00,null,2026-10-01 10:42:58.792745+00,2026-10-01 10:43:51.318342+00,"{""sub"":""fb3eb139-ba99-477c-8a12-8286c6c8734f"",""email"":""abwlfdlrazh@gmail.com"",""full_name"":""ابولفضل رازه"",""email_verified"":true,""phone_verified"":false}","{""provider"":""email"",""providers"":[""email""]}"
fc864544-a0d7-45c3-8753-3df59ee0dbf7,null,989906509305,$2a$10$2HXng3Z.F3EkoCCH5NyBOeVBTSfvBdpcnDCmfYiv3VWu/A7k6e0E2,null,2026-10-01 10:15:00.292682+00,2026-10-01 10:15:00.151422+00,2026-10-01 10:15:01.516411+00,"{""full_name"":""پرنیا""}","{""provider"":""phone"",""providers"":[""phone""]}"
0851e7aa-a4cc-477e-ab9f-2d0a70f93230,null,989391491417,$2a$10$LP4IftQBpjnqO3TtQ/jyUu27Xj.m5y1o48gvo2LP4ck6QPsm96Z4K,null,2026-10-01 09:48:55.747309+00,2026-10-01 09:48:55.684494+00,2026-10-01 09:48:56.997873+00,"{""full_name"":""کتاب خونی که کتاب نداره""}","{""provider"":""phone"",""providers"":[""phone""]}"
350717d7-fbfd-425b-b342-4db7dde72a47,null,989114952014,$2a$10$dXfUEzBqJswYcfcGaI73dO3e1R0lODdQ1ZPvP1e5Q9yXFAiH7VHTO,null,2026-10-01 03:33:26.623177+00,2026-10-01 03:33:26.588188+00,2026-10-01 03:33:27.308758+00,"{""full_name"":""Talia Roem Girta""}","{""provider"":""phone"",""providers"":[""phone""]}"
b1b10a83-361a-4d2d-93bb-23c4d3924205,mahsan333kharat@gmail.com,null,$2a$10$I0CJC2aISWthddUloSImau0Yb38RvAYwUtCuQOLdGioElDhsIlzXG,null,null,2026-10-01 03:25:07.257476+00,null,"{""sub"":""b1b10a83-361a-4d2d-93bb-23c4d3924205"",""email"":""mahsan333kharat@gmail.com"",""full_name"":""Talia Roem Girta"",""email_verified"":false,""phone_verified"":false}","{""provider"":""email"",""providers"":[""email""]}"
d294ff51-9cc9-4152-8efe-1f9bbfc9b64a,mobi.goleige@gmail.com,null,$2a$10$.OzeAVwPtFdjNc10WjPiSOzjBD4bX.2WeyK2zA7LEOGs2uAqCXTXG,2026-10-01 00:19:51.466734+00,null,2026-10-01 00:19:10.946894+00,2026-10-01 00:19:51.472416+00,"{""sub"":""d294ff51-9cc9-4152-8efe-1f9bbfc9b64a"",""email"":""mobi.goleige@gmail.com"",""full_name"":""مبینا"",""email_verified"":true,""phone_verified"":false}","{""provider"":""email"",""providers"":[""email""]}"
984b2bec-9e71-4e55-bb1e-5cb90c9cda77,farshtamahni67@gmail.com,null,$2a$10$Wjfy9RgYKQNjwl3yyc/su.22r.y410OLnDVgVn1E.gB.Zls6g8wSO,null,null,2026-09-30 20:43:45.590815+00,null,"{""sub"":""984b2bec-9e71-4e55-bb1e-5cb90c9cda77"",""email"":""farshtamahni67@gmail.com"",""full_name"":""spoiler"",""email_verified"":false,""phone_verified"":false}","{""provider"":""email"",""providers"":[""email""]}"
a6e4de5a-71e1-4aca-be0f-aebed8e2b54c,saminmokhtari9200@gmail.com,null,$2a$10$gmc7A1JQLsu/zj.VJVhxz.hS95EQH/MUZj9l8gMmK/3rys2xVkdm2,2026-09-30 20:23:56.988535+00,null,2026-09-30 20:22:44.366075+00,2026-09-30 20:23:57.009384+00,"{""sub"":""a6e4de5a-71e1-4aca-be0f-aebed8e2b54c"",""email"":""saminmokhtari9200@gmail.com"",""full_name"":""منا رجبی"",""email_verified"":true,""phone_verified"":false}","{""provider"":""email"",""providers"":[""email""]}"
5332f507-bf1a-435f-95a9-57691a5938c9,null,989052730545,$2a$10$sAXI.jGSOUAyY4lpatUHKuGs4foXiqWOLnKYGI1LxxHbTigDrBkEe,null,2026-09-30 16:32:45.849388+00,2026-09-30 16:32:45.801638+00,null,"{""full_name"":""Sayna""}","{""provider"":""phone"",""providers"":[""phone""]}"
599f70b0-3858-41a7-a299-db9b902cdd49,null,989930953528,$2a$10$UOOkIB9AVzLC13hygg.9..t6BueXqZeZ49ulhAWl0D9l4lF5KTG.O,null,2026-09-30 13:50:05.544498+00,2026-09-30 13:50:05.513122+00,2026-09-30 18:35:36.766892+00,"{""full_name"":""محمد""}","{""provider"":""phone"",""providers"":[""phone""]}"
fb6c8048-83bc-4b06-a49e-8f970c1df317,null,989921656855,$2a$10$IdQ98kJcXbfysN7z4iE23OrEGveRi5P3LSZRvqq/fdsfN5M8Oic/y,null,2026-09-30 12:59:42.280015+00,2026-09-30 12:59:42.2098+00,2026-09-30 12:59:45.163827+00,"{""full_name"":""Sima""}","{""provider"":""phone"",""providers"":[""phone""]}"
f01982cd-3a49-48e8-abe6-e3a9f82aa488,heliamoein379@gmail.com,null,$2a$10$Q0cJXi3okyuG.ptZ8TZaW.8fiyCwghzIf4wtW3986fQ/DASnoZvY6,null,null,2026-09-30 10:27:33.321701+00,null,"{""sub"":""f01982cd-3a49-48e8-abe6-e3a9f82aa488"",""email"":""heliamoein379@gmail.com"",""full_name"":""هلیا معینی"",""email_verified"":false,""phone_verified"":false}","{""provider"":""email"",""providers"":[""email""]}"
fd7eaece-0b3b-4500-b42c-4772fcfa1c1a,amirbakerdar4@gmail.com,null,$2a$10$WOVmwYlLi7BF5oMNQgzdyeBs.UNpSbBupjf2jB1T2m10Li9vasGea,2026-09-30 09:28:36.52103+00,null,2026-09-30 09:26:53.699928+00,2026-09-30 09:28:36.541862+00,"{""sub"":""fd7eaece-0b3b-4500-b42c-4772fcfa1c1a"",""email"":""amirbakerdar4@gmail.com"",""full_name"":""امیر"",""email_verified"":true,""phone_verified"":false}","{""provider"":""email"",""providers"":[""email""]}"
430e07ba-3fa6-4210-8017-797664b7c713,null,989013194837,$2a$10$STRC1ec14.vXVF/nqJ04zesO/kyb8Im//AvRLCvl2hVX5Hr9QvvCm,null,2026-09-30 04:56:31.642356+00,2026-09-30 04:56:31.575231+00,2026-09-30 04:56:32.179255+00,"{""full_name"":""ANOLA""}","{""provider"":""phone"",""providers"":[""phone""]}"
c8bfbccd-c43c-4320-ae99-d525d29206f6,mahhi0418@gmail.com,null,$2a$10$boaWccJVtoCUoozJODg6cuUcBnelP52bsnK5owBjE6YodwNCGkH1O,null,null,2026-09-30 04:49:53.416918+00,null,"{""sub"":""c8bfbccd-c43c-4320-ae99-d525d29206f6"",""email"":""mahhi0418@gmail.com"",""full_name"":""ANOLA"",""email_verified"":false,""phone_verified"":false}","{""provider"":""email"",""providers"":[""email""]}"
86fa5594-8f9f-49dd-8a5b-fe7fe45462e7,p.kiana.1389@gmail.com,null,$2a$10$I4A5uAKjE97DM7w0j1h.B.Sy01JC3u5fKMC.zegrrDXA8ZO.X4BDO,2026-09-29 19:44:30.427259+00,null,2026-09-29 19:43:39.769364+00,2026-09-29 19:44:30.442505+00,"{""sub"":""86fa5594-8f9f-49dd-8a5b-fe7fe45462e7"",""email"":""p.kiana.1389@gmail.com"",""full_name"":""کیتی"",""email_verified"":true,""phone_verified"":false}","{""provider"":""email"",""providers"":[""email""]}"
3d2cd04a-805f-4654-a63c-4aa015f0065b,narjes.ba.1213@gmail.com,null,$2a$10$sOUyownFdUCnapZaMKUetOCUt7MImwXIp6FDSdlba24EsBhj5lAem,null,null,2026-09-29 17:19:14.782342+00,null,"{""sub"":""3d2cd04a-805f-4654-a63c-4aa015f0065b"",""email"":""narjes.ba.1213@gmail.com"",""full_name"":""Narjes"",""email_verified"":false,""phone_verified"":false}","{""provider"":""email"",""providers"":[""email""]}"
1ef01974-3bd4-4762-b39c-426076e082c4,bahar.ansari3969@gmail.com,null,$2a$10$iDlNvjhtrgHAKLnmOM.YGOG0oVIo/McYIH6SJLmpn2GHwfxPTrv4C,2026-09-29 17:02:15.584022+00,null,2026-09-29 17:01:51.909483+00,2026-09-29 17:02:15.592177+00,"{""sub"":""1ef01974-3bd4-4762-b39c-426076e082c4"",""email"":""bahar.ansari3969@gmail.com"",""full_name"":""Vina"",""email_verified"":true,""phone_verified"":false}","{""provider"":""email"",""providers"":[""email""]}"
f5e5c65b-632d-498d-a487-0e018bb4d7c7,taranomtayebi2012@gmail.com,null,$2a$10$KFvzUmknstZ7lILUynucv.ViRx/Ih9kVEaCjs8sx0REuFHssiBc2S,2026-09-29 16:26:01.573144+00,null,2026-09-29 16:25:25.065676+00,2026-09-29 16:26:01.585254+00,"{""sub"":""f5e5c65b-632d-498d-a487-0e018bb4d7c7"",""email"":""taranomtayebi2012@gmail.com"",""full_name"":""Taranom Tayebi"",""email_verified"":true,""phone_verified"":false}","{""provider"":""email"",""providers"":[""email""]}"
374949d5-4618-4cfe-9052-bc8f98725816,rs.salehi33@gmail.com,null,$2a$10$IDg9z/tBbHUyZj05GkH8HO8SHLxr4SdnOT1UmRW.F2MBvI7fATBOO,null,null,2026-09-29 16:06:54.873038+00,null,"{""sub"":""374949d5-4618-4cfe-9052-bc8f98725816"",""email"":""rs.salehi33@gmail.com"",""full_name"":""Hana"",""email_verified"":false,""phone_verified"":false}","{""provider"":""email"",""providers"":[""email""]}"
3b7ba63d-8b32-479b-8e8f-9d50e8bdbf8a,zahedinoira72@gmail.com,null,$2a$10$UVzfKclNrx8JzKryTgL/d.mQzIofX8kvbB8G03r9GVEoSrbFvGWtS,2026-09-29 12:13:07.158041+00,null,2026-09-29 12:12:26.5999+00,2026-09-29 12:13:07.178448+00,"{""sub"":""3b7ba63d-8b32-479b-8e8f-9d50e8bdbf8a"",""email"":""zahedinoira72@gmail.com"",""full_name"":""Noora Zahedi"",""email_verified"":true,""phone_verified"":false}","{""provider"":""email"",""providers"":[""email""]}"
8fb45f54-67ec-460f-ae72-3f66b71021af,parnianahmdy@gmail.com,null,$2a$10$Nmf6mgpHgvOOPORKbgzmYu3PWSUpxv/1BuG7Y6HRgKnEH9vCsowcS,2026-09-29 12:08:02.523091+00,null,2026-09-29 12:06:41.704977+00,2026-09-29 12:08:02.542039+00,"{""sub"":""8fb45f54-67ec-460f-ae72-3f66b71021af"",""email"":""parnianahmdy@gmail.com"",""full_name"":""Parnian"",""email_verified"":true,""phone_verified"":false}","{""provider"":""email"",""providers"":[""email""]}"
5aede365-11e5-4b17-8a6d-863cc843ed85,meggyplayz14@gmail.com,null,$2a$10$7knjcqmdHWIFfRRxJtN7/.6Lw9aymKmIvDE5Ab1NfO1.pVOEbstMq,2026-09-29 10:18:07.515038+00,null,2026-09-29 10:17:45.07074+00,2026-09-30 09:30:55.040011+00,"{""sub"":""5aede365-11e5-4b17-8a6d-863cc843ed85"",""email"":""meggyplayz14@gmail.com"",""full_name"":""مهسا بقالپور"",""email_verified"":true,""phone_verified"":false}","{""provider"":""email"",""providers"":[""email""]}"
e6dd13d8-64c0-43c9-b6f3-8a10067e5354,rshyabamry17@gmail.com,null,$2a$10$XLUGcH7B0banjBnw/L9/S.eg87H92/V9midpC3kD.k9t.VN2GOay.,null,null,2026-09-29 06:23:33.338736+00,null,"{""sub"":""e6dd13d8-64c0-43c9-b6f3-8a10067e5354"",""email"":""rshyabamry17@gmail.com"",""full_name"":""ماهلین"",""email_verified"":false,""phone_verified"":false}","{""provider"":""email"",""providers"":[""email""]}"
d4dbc784-37d8-4193-8a50-9a9c5e21671d,anile7244@gmail.com,null,$2a$10$geADy07feZhDqfe4I8Quh.u08N1ZF7jyfV7vU9r8GoUOE40CJwBoa,2026-09-28 22:14:33.783349+00,null,2026-09-28 22:13:52.241217+00,2026-09-28 22:14:33.790885+00,"{""sub"":""d4dbc784-37d8-4193-8a50-9a9c5e21671d"",""email"":""anile7244@gmail.com"",""full_name"":""الین"",""email_verified"":true,""phone_verified"":false}","{""provider"":""email"",""providers"":[""email""]}"
1a3b84c7-5f14-498e-92ef-9df6ff7514e2,bahariiam88@gmail.com,null,$2a$10$XJTwJVjXAlBoUKOlOsb0p.fy27ucaNRTCWs6yQRlQ.Ij4mJK5eCqy,2026-09-28 15:04:43.647192+00,null,2026-09-28 15:03:44.875451+00,2026-09-28 15:04:43.663604+00,"{""sub"":""1a3b84c7-5f14-498e-92ef-9df6ff7514e2"",""email"":""bahariiam88@gmail.com"",""full_name"":""بهاررضایی"",""email_verified"":true,""phone_verified"":false}","{""provider"":""email"",""providers"":[""email""]}"
8490ffce-38fd-4643-9bd8-5bd71550439d,aynazkhorramdel@gmail.com,null,$2a$10$4LLNbr/mL85amtfrZTgQ4u562DmKJo05z1zIlr8ivYICQCePNjmxW,2026-09-28 13:37:03.605723+00,null,2026-09-28 13:36:44.676649+00,2026-10-06 10:11:57.602414+00,"{""sub"":""8490ffce-38fd-4643-9bd8-5bd71550439d"",""email"":""aynazkhorramdel@gmail.com"",""full_name"":""123girl"",""email_verified"":true,""phone_verified"":false}","{""provider"":""email"",""providers"":[""email""]}"
cae692c4-08d6-4ce6-9104-100cf39f7c24,aynaz.khoram8713@gmail.com,null,$2a$10$fQVjHk/EfZh27h3r0QbUouU0c2199KBPADcVesE64Zq0HgMSbB2ei,null,null,2026-09-28 13:34:51.211817+00,null,"{""sub"":""cae692c4-08d6-4ce6-9104-100cf39f7c24"",""email"":""aynaz.khoram8713@gmail.com"",""full_name"":""123girl"",""email_verified"":false,""phone_verified"":false}","{""provider"":""email"",""providers"":[""email""]}"
ea2a5a45-bb3e-4594-b253-fd1778e027bf,totozh915@gmail.com,null,$2a$10$cGtB.7uhr0xgHZrTIWaj/u0CrEKZSYJx3CHMyUqxEdUp4SH7RfMoa,2026-09-28 06:32:17.288799+00,null,2026-09-28 06:29:01.045806+00,2026-09-28 06:32:17.299352+00,"{""sub"":""ea2a5a45-bb3e-4594-b253-fd1778e027bf"",""email"":""totozh915@gmail.com"",""full_name"":""Neda"",""email_verified"":true,""phone_verified"":false}","{""provider"":""email"",""providers"":[""email""]}"
256be808-7f12-4ec5-9419-371ebb814264,hossaintaheri1990@gmail.com,null,$2a$10$UEoGHUXlVoGQwd/c0bXz9OxAVLz6Lzz4YjXhs8sFLLEDagB8S25pO,null,null,2026-09-28 03:10:36.406539+00,null,"{""sub"":""256be808-7f12-4ec5-9419-371ebb814264"",""email"":""hossaintaheri1990@gmail.com"",""full_name"":""Doksy"",""email_verified"":false,""phone_verified"":false}","{""provider"":""email"",""providers"":[""email""]}"
f95d373c-c0c2-41c9-8b92-95d1cc2fa2d1,sagharnorozpour@gmail.com,null,$2a$10$CGkzjT8GpSazcQQH7yOKvOyocAgSjnShjB6Zmz/hD8MBvbdjmQYmi,null,null,2026-09-27 20:07:34.277798+00,null,"{""sub"":""f95d373c-c0c2-41c9-8b92-95d1cc2fa2d1"",""email"":""sagharnorozpour@gmail.com"",""full_name"":""Rashin"",""email_verified"":false,""phone_verified"":false}","{""provider"":""email"",""providers"":[""email""]}"
b757316c-ce3c-4ffe-9e96-58f572763b0c,yeganehlfaghfouri@gmail.com,null,$2a$10$freDoSyxlmcQYFGGaOe1SOtck/vto5yHZfxTKpNHDgTnxVWAu917C,2026-09-27 18:27:55.53775+00,null,2026-09-27 18:27:16.651827+00,2026-09-27 18:27:55.543133+00,"{""sub"":""b757316c-ce3c-4ffe-9e96-58f572763b0c"",""email"":""yeganehlfaghfouri@gmail.com"",""full_name"":""yegane"",""email_verified"":true,""phone_verified"":false}","{""provider"":""email"",""providers"":[""email""]}"
10fe6128-4c56-4a14-b3f3-3bacaaef1a27,khfayyhajr@gmail.com,null,$2a$10$3w/Ei9/kIrnRB41SDHnpc.oRi312x4QZnUl1oMDVM.DUxnlKCVPWW,2026-09-27 13:04:36.548847+00,null,2026-09-27 12:55:35.533046+00,2026-09-27 13:07:03.051919+00,"{""sub"":""10fe6128-4c56-4a14-b3f3-3bacaaef1a27"",""email"":""khfayyhajr@gmail.com"",""full_name"":""هاجر خفایی"",""email_verified"":true,""phone_verified"":false}","{""provider"":""email"",""providers"":[""email""]}"
481d8ed7-29d4-46b9-8849-4aa1a33569a6,dryuhfdcnklvce46yg@gmail.com,null,$2a$10$8L.FJhoqzh1iP3H.djmiD.EM0Ea7PWjFGPs1MeeafcJH1oW8sX9Xe,null,null,2026-09-26 20:59:52.652751+00,null,"{""sub"":""481d8ed7-29d4-46b9-8849-4aa1a33569a6"",""email"":""dryuhfdcnklvce46yg@gmail.com"",""full_name"":""tybe"",""email_verified"":false,""phone_verified"":false}","{""provider"":""email"",""providers"":[""email""]}"
cae2a778-509c-424a-bdac-9f96b0292f3f,nazanynmohammadii@gmail.com,null,$2a$10$T3vQWwMHDNr.AFjTD5aAluYfYuyv/rVFXqxTzJRSmCTKxh8MrJNeC,2026-09-26 19:29:19.48491+00,null,2026-09-26 19:29:01.700668+00,2026-09-26 19:29:19.490838+00,"{""sub"":""cae2a778-509c-424a-bdac-9f96b0292f3f"",""email"":""nazanynmohammadii@gmail.com"",""full_name"":""NeenaNeen"",""email_verified"":true,""phone_verified"":false}","{""provider"":""email"",""providers"":[""email""]}"
5ae97f32-7f7f-4845-a25a-aef2145f5741,comingtoyoneen@gmail.com,null,$2a$10$y.bz1jTyRyRmuOv5RRFriuGbCaA1DZ9PNC0.GZK4DqDbfu8aiztdy,null,null,2026-09-26 19:26:43.772402+00,null,"{""sub"":""5ae97f32-7f7f-4845-a25a-aef2145f5741"",""email"":""comingtoyoneen@gmail.com"",""full_name"":""Neen Mohammadi"",""email_verified"":false,""phone_verified"":false}","{""provider"":""email"",""providers"":[""email""]}"
246302ae-bf13-4a97-bffb-fcc409f2a8ae,fwadlymrtm260@gmail.com,null,$2a$10$fjqZrErrOaSL4XLDTBTs6u66mecrj7Mfnhg.rUBkHi4ytB1ecyXk2,null,null,2026-09-26 08:57:20.362767+00,null,"{""sub"":""246302ae-bf13-4a97-bffb-fcc409f2a8ae"",""email"":""fwadlymrtm260@gmail.com"",""full_name"":""marym"",""email_verified"":false,""phone_verified"":false}","{""provider"":""email"",""providers"":[""email""]}"
29d95c38-e1d8-4aeb-8d1e-d33651b7aa9c,join62418@gmail.com,null,$2a$10$yZshISPdWg6Z8UyGc1vP4.l8n7HpKsEwFhxsqnNKFACdYGqeaJZhu,2026-09-26 04:09:30.527456+00,null,2026-09-26 04:08:49.947514+00,2026-09-26 04:09:30.534177+00,"{""sub"":""29d95c38-e1d8-4aeb-8d1e-d33651b7aa9c"",""email"":""join62418@gmail.com"",""full_name"":""بهار"",""email_verified"":true,""phone_verified"":false}","{""provider"":""email"",""providers"":[""email""]}"
99825784-bbc5-43af-b50e-987b123a10bb,zahraalamiey@gmail.com,null,$2a$10$Z.l5Vxk9Z0Fvz3V6q9rZquNA9LW1PqmEbgXHKzdKLKVrOklz7ST/K,null,null,2026-09-26 04:07:05.599347+00,null,"{""sub"":""99825784-bbc5-43af-b50e-987b123a10bb"",""email"":""zahraalamiey@gmail.com"",""full_name"":""بهار"",""email_verified"":false,""phone_verified"":false}","{""provider"":""email"",""providers"":[""email""]}"
4dc904b6-32f1-48bc-88a6-ffa07996389c,mohsenyalsavar78@gmail.com,null,$2a$10$HdERgt6ePxL/l8Fa/C3w4u7fD3lIk9ZYewIAAYzx9wDdhHe86IAw2,2026-09-25 23:08:21.504183+00,null,2026-09-25 23:07:36.055046+00,2026-09-25 23:08:21.508603+00,"{""sub"":""4dc904b6-32f1-48bc-88a6-ffa07996389c"",""email"":""mohsenyalsavar78@gmail.com"",""full_name"":""محسن یل سوار"",""email_verified"":true,""phone_verified"":false}","{""provider"":""email"",""providers"":[""email""]}"
e0d059bf-8549-4061-8917-77a43fb2355d,arte.pentest.97731@gmail.com,null,$2a$10$ifax7wgoinQQxP3AK.Abm.H508kdwhixmI9WAhKNrf54wJyDNzcJO,null,null,2026-09-25 20:18:39.915417+00,null,"{""sub"":""e0d059bf-8549-4061-8917-77a43fb2355d"",""email"":""arte.pentest.97731@gmail.com"",""full_name"":""pentest"",""email_verified"":false,""phone_verified"":false}","{""provider"":""email"",""providers"":[""email""]}"
b20185ca-8ec7-4457-b5d1-46b9fa654bc3,f43873132@gmail.com,null,$2a$10$snR8RXYsySB/hjUm.sGgdOpZfDkmF2C1SeH7NnpAPQ/pLfP0Yc9AS,null,null,2026-09-25 17:43:45.811008+00,null,"{""sub"":""b20185ca-8ec7-4457-b5d1-46b9fa654bc3"",""email"":""f43873132@gmail.com"",""full_name"":""فاطمه انصاری"",""email_verified"":false,""phone_verified"":false}","{""provider"":""email"",""providers"":[""email""]}"
ca2f9a16-7a74-462d-80ae-02aee8e6014e,mazidimahdi8@gmail.com,null,$2a$10$V/VYWV2horeoPanqKDlJ.eqbsQMZPwHeGMzsKB/4RZ4lPduktl4aa,2026-09-25 14:16:48.911864+00,null,2026-09-25 14:16:19.060237+00,2026-09-25 14:16:48.916861+00,"{""sub"":""ca2f9a16-7a74-462d-80ae-02aee8e6014e"",""email"":""mazidimahdi8@gmail.com"",""full_name"":""مهدی مزیدی"",""email_verified"":true,""phone_verified"":false}","{""provider"":""email"",""providers"":[""email""]}"
a9c29c74-e9f7-461b-80f5-0c9e752d5088,mahdimazidi112@gmail.com,null,$2a$10$SN21CQQl28L3HSpUWZlSEudpE6Ixs/IpaeBaFR7UumduU.BGFAByC,null,null,2026-09-25 14:14:05.466745+00,null,"{""sub"":""a9c29c74-e9f7-461b-80f5-0c9e752d5088"",""email"":""mahdimazidi112@gmail.com"",""full_name"":""مهدی مزیدی"",""email_verified"":false,""phone_verified"":false}","{""provider"":""email"",""providers"":[""email""]}"
956bbf6e-97a0-4158-831b-f26ad263ccdd,mahshid.khakrizi@gmail.com,null,$2a$10$sFg8JvmA.AmCjidTKuiFie/p/1tBGCip3Ru1NprNNrDbYp2vyLvtq,2026-09-25 12:15:41.390946+00,null,2026-09-25 12:14:40.365148+00,2026-09-25 12:15:41.403173+00,"{""sub"":""956bbf6e-97a0-4158-831b-f26ad263ccdd"",""email"":""mahshid.khakrizi@gmail.com"",""full_name"":""مهسا کرمی"",""email_verified"":true,""phone_verified"":false}","{""provider"":""email"",""providers"":[""email""]}"
e9c88bb5-38d4-44dc-8550-4c2255d0c189,gamerhosein7@gmail.com,null,$2a$10$Avb3Ynay2hDDBwSqJ0VM/erhupc5J9eYeq9pqC1lcH/iP7E6oZlhG,null,null,2026-09-25 11:27:38.314806+00,null,"{""sub"":""e9c88bb5-38d4-44dc-8550-4c2255d0c189"",""email"":""gamerhosein7@gmail.com"",""full_name"":""Fst"",""email_verified"":false,""phone_verified"":false}","{""provider"":""email"",""providers"":[""email""]}"
4142e2d9-a1f1-4151-a89d-81fd03ea3b0d,mstfykawnd@gmail.com,null,$2a$10$X8af7da8i9fsCAu1GODPaeCouV/PPVthM2o3cvONOk8GlOGjHsPZm,null,null,2026-09-25 08:16:50.974164+00,null,"{""sub"":""4142e2d9-a1f1-4151-a89d-81fd03ea3b0d"",""email"":""mstfykawnd@gmail.com"",""full_name"":""Asteriya"",""email_verified"":false,""phone_verified"":false}","{""provider"":""email"",""providers"":[""email""]}"
aef3210b-4844-4b46-bfe6-28f670d6f99e,nf.bashlideh@gmail.com,null,$2a$10$sGX5Ly9dausG3ueNKL68qu6hlyoTAYLy3H2C4KlGve3g3yzI0Ml6.,2026-09-25 08:03:19.485484+00,null,2026-09-25 08:01:21.84718+00,2026-09-25 08:03:19.498938+00,"{""sub"":""aef3210b-4844-4b46-bfe6-28f670d6f99e"",""email"":""nf.bashlideh@gmail.com"",""full_name"":""Nazanin"",""email_verified"":true,""phone_verified"":false}","{""provider"":""email"",""providers"":[""email""]}"
ef3294a4-d794-4fe7-b9f9-74e94fa4cd86,baharebalouchi761@gmail.com,null,$2a$10$EsNDRYcUcKyYal.9C9q.1.s53jJixO9d7J06Zj8YfCND7rrgEv28.,2026-09-25 06:07:43.592556+00,null,2026-09-25 05:49:23.70502+00,2026-09-25 06:07:43.614216+00,"{""sub"":""ef3294a4-d794-4fe7-b9f9-74e94fa4cd86"",""email"":""baharebalouchi761@gmail.com"",""full_name"":""بهاره بلوچی"",""email_verified"":true,""phone_verified"":false}","{""provider"":""email"",""providers"":[""email""]}"
97989ace-a1f3-425a-88d5-063f33ca9480,shadi.ahmadi138700@gmail.com,null,$2a$10$1hrGlpefAr0KddiG4v2X8exqzYh6shSa8lcALRaa0cmPrYuzprLa2,2026-09-24 22:36:18.598624+00,null,2026-09-24 22:35:29.266634+00,2026-09-24 22:36:18.603842+00,"{""sub"":""97989ace-a1f3-425a-88d5-063f33ca9480"",""email"":""shadi.ahmadi138700@gmail.com"",""full_name"":""شادی"",""email_verified"":true,""phone_verified"":false}","{""provider"":""email"",""providers"":[""email""]}"
6fa760da-28bf-4ff0-bddd-cd32b32e9284,yasaminnnn888@gmail.com,null,$2a$10$337jJT..N/1yTNna7xdHz.DiT9GZZYCA9yJHZ3ydVbQ5jN7G8LRdm,2026-09-24 22:18:20.234141+00,null,2026-09-24 22:17:37.125584+00,2026-09-24 22:18:20.240601+00,"{""sub"":""6fa760da-28bf-4ff0-bddd-cd32b32e9284"",""email"":""yasaminnnn888@gmail.com"",""full_name"":""یاسمین"",""email_verified"":true,""phone_verified"":false}","{""provider"":""email"",""providers"":[""email""]}"
a1c99f92-b231-475a-9858-82fbe54e23a9,honarmandf126@gmail.com,null,$2a$10$iuZ/u.w1DfrStoULunCBiOsl8DmZkLk8bXL7HXdFCW3iZybgkyLdK,2026-09-24 14:51:53.898587+00,null,2026-09-24 14:16:26.136824+00,2026-09-24 14:51:53.907679+00,"{""sub"":""a1c99f92-b231-475a-9858-82fbe54e23a9"",""email"":""honarmandf126@gmail.com"",""full_name"":""..."",""email_verified"":true,""phone_verified"":false}","{""provider"":""email"",""providers"":[""email""]}"
e0f50cee-e918-44ec-aa04-fa4c2b1f591c,zr1801287@gmail.com,null,$2a$10$vWvcMBYika.MKUfOlCdjbu2qiClCpDHdTpD5u8J8PDI0AnkDoKLhy,2026-09-24 14:40:55.568318+00,null,2026-09-24 14:09:49.989467+00,2026-09-24 14:40:55.582889+00,"{""sub"":""e0f50cee-e918-44ec-aa04-fa4c2b1f591c"",""email"":""zr1801287@gmail.com"",""full_name"":""..."",""email_verified"":true,""phone_verified"":false}","{""provider"":""email"",""providers"":[""email""]}"
7d376208-a92f-4c95-bd6f-72231d325fa7,armitamahdavi004@gmail.com,null,$2a$10$6kye1CRIiAYq.7DcMtDucOXoIKe2VeKoGWP6jn3so4Dv9waP4lmrK,2026-09-24 09:46:21.244364+00,null,2026-09-24 09:44:58.872502+00,2026-09-24 09:46:21.265958+00,"{""sub"":""7d376208-a92f-4c95-bd6f-72231d325fa7"",""email"":""armitamahdavi004@gmail.com"",""full_name"":""اتا"",""email_verified"":true,""phone_verified"":false}","{""provider"":""email"",""providers"":[""email""]}"
d477f48b-b6d2-4b57-a9b1-273518fe7b9b,khoshrosaina@gmail.com,null,$2a$10$X.VP0/oSkrPcPN5Ndxs64.aLBt9Z7bz739V7QeXy1dInYKi./lr1e,null,null,2026-09-24 06:56:50.129867+00,null,"{""sub"":""d477f48b-b6d2-4b57-a9b1-273518fe7b9b"",""email"":""khoshrosaina@gmail.com"",""full_name"":""مریم"",""email_verified"":false,""phone_verified"":false}","{""provider"":""email"",""providers"":[""email""]}"
6ee7e12a-633c-46b2-81c0-ea50bd1be13c,shinrampo@gmail.com,null,$2a$10$6QcEYczRhTRPcL7Zma.ZU.AlOjucXmfHKpNMYAbZNi9IS33xqMgqO,2026-09-23 21:31:30.23673+00,null,2026-09-23 21:31:05.993927+00,2026-09-23 21:31:30.245072+00,"{""sub"":""6ee7e12a-633c-46b2-81c0-ea50bd1be13c"",""email"":""shinrampo@gmail.com"",""full_name"":""عسل فلاح"",""email_verified"":true,""phone_verified"":false}","{""provider"":""email"",""providers"":[""email""]}"
8db6f047-a956-40df-80b9-94470a48770b,katara.uzumaki.00@gmail.com,null,$2a$10$kDC7owZyWiOJ0iTdg8r5Oe67HMeIrrz3VNJQcec1mVmRSUo/ldQFy,2026-09-23 21:05:11.368275+00,null,2026-09-23 21:04:01.513243+00,2026-09-23 21:05:11.382125+00,"{""sub"":""8db6f047-a956-40df-80b9-94470a48770b"",""email"":""katara.uzumaki.00@gmail.com"",""full_name"":""Katara"",""email_verified"":true,""phone_verified"":false}","{""provider"":""email"",""providers"":[""email""]}"
8b24627c-498a-4349-a07a-84b8c2c78d8c,katara.uzumaki.oo@gmail.com,null,$2a$10$6CJiXQsweunHB8b.KFvS7eWG86ueQpy9KbHT13Z3vcG9gGSEYCnnS,null,null,2026-09-23 21:01:46.228881+00,null,"{""sub"":""8b24627c-498a-4349-a07a-84b8c2c78d8c"",""email"":""katara.uzumaki.oo@gmail.com"",""full_name"":""Katara"",""email_verified"":false,""phone_verified"":false}","{""provider"":""email"",""providers"":[""email""]}"
7e7f9b86-68f6-4a7c-aafd-1d0ca03b15f4,sh.parnia86076sh@gmail.com,null,$2a$10$Gcdf7fRyIW9j7rMhcg8WzOrF5CttnSFO0IwoqT73x1k2tWy9qLu9K,2026-09-23 16:47:42.475847+00,null,2026-09-23 16:47:14.326806+00,2026-09-23 16:47:42.488869+00,"{""sub"":""7e7f9b86-68f6-4a7c-aafd-1d0ca03b15f4"",""email"":""sh.parnia86076sh@gmail.com"",""full_name"":""Par"",""email_verified"":true,""phone_verified"":false}","{""provider"":""email"",""providers"":[""email""]}"
d4dad600-cb09-4c8a-aafc-7602967d8bbb,h88279784@gmail.com,null,$2a$10$Liege4N1yKQVNQm9.MTE8.05bAYnW5.4bTNnimKjwGTbLCQS6HtoK,2026-09-23 14:32:34.424908+00,null,2026-09-23 14:31:51.80181+00,2026-09-23 14:32:34.430158+00,"{""sub"":""d4dad600-cb09-4c8a-aafc-7602967d8bbb"",""email"":""h88279784@gmail.com"",""full_name"":""حوریا"",""email_verified"":true,""phone_verified"":false}","{""provider"":""email"",""providers"":[""email""]}"
043199e3-8480-44a1-8070-0743019e85a6,nasrinozadi6667@gmail.com,null,$2a$10$rrd.El7sUKRXlRbU5tItj.r1O9lPUlMqt8ywuo/6Br2ZDPo/LEYAG,2026-09-23 12:15:45.146642+00,null,2026-09-23 12:14:47.361066+00,2026-09-23 12:15:45.162832+00,"{""sub"":""043199e3-8480-44a1-8070-0743019e85a6"",""email"":""nasrinozadi6667@gmail.com"",""full_name"":""زهره مهاجر"",""email_verified"":true,""phone_verified"":false}","{""provider"":""email"",""providers"":[""email""]}"
c9311f15-ffd9-4e67-8c5f-e5728d206250,moazenijavad86mohammad@gmail.com,null,$2a$10$miTDxUfSiiYkQLEEUE8xw.jZ9.wQBmMfa33AUjxS0EQJ2h3YIqFVm,2026-09-23 11:08:40.090648+00,null,2026-09-23 11:08:04.744614+00,2026-09-23 11:08:40.102455+00,"{""sub"":""c9311f15-ffd9-4e67-8c5f-e5728d206250"",""email"":""moazenijavad86mohammad@gmail.com"",""full_name"":""محمد"",""email_verified"":true,""phone_verified"":false}","{""provider"":""email"",""providers"":[""email""]}"
73ab3e5e-40eb-4b71-a851-96ece034e764,radyhaymanyan@gmail.com,null,$2a$10$S1XLqnHvKi5p9hyh1w9.2.t1MdzMLdHozdtJ7MNaawmotCvAeuPv2,2026-09-22 22:02:17.364311+00,null,2026-09-22 22:01:20.712285+00,2026-09-22 22:02:17.369438+00,"{""sub"":""73ab3e5e-40eb-4b71-a851-96ece034e764"",""email"":""radyhaymanyan@gmail.com"",""full_name"":""ریحانه"",""email_verified"":true,""phone_verified"":false}","{""provider"":""email"",""providers"":[""email""]}"
cd9fd722-f26f-4b9b-9baa-979e1557d3fe,reihaneh.pourzaki@gmail.com,null,$2a$10$fTv/srhYUNokMT8lxdaVqe7l9ofncNdTrY3hgzbWNUC7SewutulPG,2026-09-22 09:56:38.516915+00,null,2026-09-22 09:55:55.314618+00,2026-09-22 09:56:38.522578+00,"{""sub"":""cd9fd722-f26f-4b9b-9baa-979e1557d3fe"",""email"":""reihaneh.pourzaki@gmail.com"",""full_name"":""rpourzaki"",""email_verified"":true,""phone_verified"":false}","{""provider"":""email"",""providers"":[""email""]}"
393625d3-f518-423e-ac02-fadf4bf51da0,akhlaqyhsyn453@gmail.com,null,$2a$10$L7D3RHUsO3qZKxW7X7o3g.tz4aYIm0x6gCO.HKsgIHSvwJeKZ.tey,2026-09-21 19:53:36.358335+00,null,2026-09-21 19:52:26.380528+00,2026-09-21 19:53:36.371579+00,"{""sub"":""393625d3-f518-423e-ac02-fadf4bf51da0"",""email"":""akhlaqyhsyn453@gmail.com"",""full_name"":""بیتا"",""email_verified"":true,""phone_verified"":false}","{""provider"":""email"",""providers"":[""email""]}"
9025814d-3f4d-4b2c-8c83-5e5f433fecca,zhramhraby43@gmail.com,null,$2a$10$F5GTFcO/LCTdMwS.xov1p.OaqHBEG7I.J/QTj3hWfVvjvL6teCYxO,2026-09-21 06:24:52.468042+00,null,2026-09-21 06:24:10.499032+00,2026-09-30 15:00:42.810885+00,"{""sub"":""9025814d-3f4d-4b2c-8c83-5e5f433fecca"",""email"":""zhramhraby43@gmail.com"",""full_name"":""زهرا سهرابی"",""email_verified"":true,""phone_verified"":false}","{""provider"":""email"",""providers"":[""email""]}"
38657c6e-9314-4319-a1ea-743fe43cafa0,hesamagho@gmail.com,null,$2a$10$pMG.DR6wQyjrlwK7jaaP/.Xd9W4y5..ZNxT7qeYfbXya/JYR3fORO,null,null,2026-09-20 21:20:14.817004+00,null,"{""sub"":""38657c6e-9314-4319-a1ea-743fe43cafa0"",""email"":""hesamagho@gmail.com"",""full_name"":""مهسا"",""email_verified"":false,""phone_verified"":false}","{""provider"":""email"",""providers"":[""email""]}"
a2a51c8a-3cc3-4a87-b75f-8ab10e6b6058,saynaebadi@gmail.com,null,$2a$10$v5unQpJJpM3ty0mI739h/Oy2fwpe2VTofw/KNZqbdBdd/uGl1e2VW,null,null,2026-09-20 21:04:53.501539+00,null,"{""sub"":""a2a51c8a-3cc3-4a87-b75f-8ab10e6b6058"",""email"":""saynaebadi@gmail.com"",""full_name"":""Sayna Ebadi"",""email_verified"":false,""phone_verified"":false}","{""provider"":""email"",""providers"":[""email""]}"
7f2f4f55-e2d6-4799-b3ea-3a82be82cd03,merbimehr@gmail.com,null,$2a$10$zn8v5CmrwoLoLua5t4HmvuNnT3HwjZUDMIJzg8oluUJbbA0U4RJuu,null,null,2026-09-20 20:37:40.050514+00,null,"{""sub"":""7f2f4f55-e2d6-4799-b3ea-3a82be82cd03"",""email"":""merbimehr@gmail.com"",""full_name"":""Nilofar"",""email_verified"":false,""phone_verified"":false}","{""provider"":""email"",""providers"":[""email""]}"
7d955ae1-3008-4fb5-87d0-3e0ded939bae,aliehshahabi892@gmail.com,null,$2a$10$az10Urr2HJRCh68/skR8VOmQm5UEDgGcGldo77Q0UDXD.udOd75s6,2026-09-20 19:03:03.628629+00,null,2026-09-20 18:58:45.807986+00,2026-09-20 19:05:08.573135+00,"{""sub"":""7d955ae1-3008-4fb5-87d0-3e0ded939bae"",""email"":""aliehshahabi892@gmail.com"",""full_name"":""لوفی"",""email_verified"":true,""phone_verified"":false}","{""provider"":""email"",""providers"":[""email""]}"
7b8a4283-359b-4824-a7a4-44c65668122e,arashrastpour@gmail.com,null,$2a$10$UTcTSU5NpTmarGUYJ4aN2uAErds3jtfGTo7bnHblC/pogRRvFf/0e,null,null,2026-09-20 14:39:03.216996+00,null,"{""sub"":""7b8a4283-359b-4824-a7a4-44c65668122e"",""email"":""arashrastpour@gmail.com"",""full_name"":""اننیسا"",""email_verified"":false,""phone_verified"":false}","{""provider"":""email"",""providers"":[""email""]}"
51a63b0e-5343-4948-b14f-f2f9637dbf8e,sarahamidavi23@gmail.com,null,$2a$10$KIdZpEaUvp.S79lbQZu.ceQ2r4qcPXK89aEXsX725DZHjeLW/bjuS,null,null,2026-09-20 11:42:51.888978+00,null,"{""sub"":""51a63b0e-5343-4948-b14f-f2f9637dbf8e"",""email"":""sarahamidavi23@gmail.com"",""full_name"":""Honey"",""email_verified"":false,""phone_verified"":false}","{""provider"":""email"",""providers"":[""email""]}"
211e21e3-dcf2-44b9-8d44-6dba336adcfb,arshiaferfer@gmail.com,null,$2a$10$8Cy5mR/x.IO0eWbC9UqRDOqoX6PqLZTWSS35LWec/UbvTezjTPt9.,2026-09-20 10:11:32.56696+00,null,2026-09-20 10:10:55.050672+00,2026-09-20 10:11:32.582284+00,"{""sub"":""211e21e3-dcf2-44b9-8d44-6dba336adcfb"",""email"":""arshiaferfer@gmail.com"",""full_name"":""tumas"",""email_verified"":true,""phone_verified"":false}","{""provider"":""email"",""providers"":[""email""]}"
4c9b287a-6811-4b9b-b238-4983d4185428,sara.hatafi1391@gmail.com,null,$2a$10$soLCzE52nhLeLPmoqOQVeeyOCfGm6BXn2JgShtsx5080T6ZKP3ld2,2026-09-20 08:31:28.904648+00,null,2026-09-20 08:30:41.37942+00,2026-09-20 08:31:28.914299+00,"{""sub"":""4c9b287a-6811-4b9b-b238-4983d4185428"",""email"":""sara.hatafi1391@gmail.com"",""full_name"":""Mikasa"",""email_verified"":true,""phone_verified"":false}","{""provider"":""email"",""providers"":[""email""]}"
b2f8a48e-0ba7-43d9-8f11-6a59bcde0c92,ebinawarner@gmail.com,null,$2a$10$smPpuDEPGqZ63QPxPcRsAe6vhkzyvYCh6TMoFQa2RVoV0A.dMJzr6,2026-09-20 07:14:05.200815+00,null,2026-09-20 07:13:43.983645+00,2026-09-20 07:14:05.21068+00,"{""sub"":""b2f8a48e-0ba7-43d9-8f11-6a59bcde0c92"",""email"":""ebinawarner@gmail.com"",""full_name"":""پرنسس"",""email_verified"":true,""phone_verified"":false}","{""provider"":""email"",""providers"":[""email""]}"
4b29a53f-75d4-42f2-97bc-d1dab40fdd39,rqyhqhrmanyfrd@gmail.com,null,$2a$10$/J1WyYn2VuaIKWlurPZaKedq6rF3RgyZk.92q4KMz4xxmWAeHat46,2026-09-19 23:03:18.224413+00,null,2026-09-19 23:02:48.13598+00,2026-09-19 23:03:18.229197+00,"{""sub"":""4b29a53f-75d4-42f2-97bc-d1dab40fdd39"",""email"":""rqyhqhrmanyfrd@gmail.com"",""full_name"":""ستایش"",""email_verified"":true,""phone_verified"":false}","{""provider"":""email"",""providers"":[""email""]}"
6a32b641-0ac2-42c6-b557-4dd5bb79ba6c,pooyataheri34@gmail.com,null,$2a$10$S5lrqtvG8dx/OuCym0MAwu3S5h5Luh6jDha7rFLXJIdqGoK7i3zUu,null,null,2026-09-19 22:56:24.335851+00,null,"{""sub"":""6a32b641-0ac2-42c6-b557-4dd5bb79ba6c"",""email"":""pooyataheri34@gmail.com"",""full_name"":""ناروتو"",""email_verified"":false,""phone_verified"":false}","{""provider"":""email"",""providers"":[""email""]}"
8da05934-e4db-4a51-8ca3-86dc27b59e55,yektamoraddashti92@gmail.com,null,$2a$10$nRN/PLCeYXDYFhhdvnnn1eyxhbBufisu4RmkDubxXX2DDq/QaI3ty,2026-09-19 19:00:48.388218+00,null,2026-09-19 19:00:19.966767+00,2026-09-19 19:00:48.406684+00,"{""sub"":""8da05934-e4db-4a51-8ca3-86dc27b59e55"",""email"":""yektamoraddashti92@gmail.com"",""full_name"":""Yekta"",""email_verified"":true,""phone_verified"":false}","{""provider"":""email"",""providers"":[""email""]}"
5c29eca7-5723-45d8-9091-390bb0dd4b88,haniyousefi29@gmail.com,null,$2a$10$vQ4cwzvNEWLWTpwlgBcLh.ODO1OQJnYhG.9Wd.Cr3miLO4AenASL.,2026-10-04 09:50:07.280828+00,null,2026-09-19 16:15:43.659129+00,2026-10-04 09:50:07.294087+00,"{""sub"":""5c29eca7-5723-45d8-9091-390bb0dd4b88"",""email"":""haniyousefi29@gmail.com"",""full_name"":""دلباخته ی جنی"",""email_verified"":true,""phone_verified"":false}","{""provider"":""email"",""providers"":[""email""]}"
70815d6a-a9fd-4f89-94c5-50df62f78bb8,melikakhoshsut@gmail.com,null,$2a$10$DFd33EV2WaxX8rzvV9/RcuDGc7a4QH6eeY54M0lxSc0eT9tSy4uEW,2026-09-19 10:56:25.119857+00,null,2026-09-19 10:55:47.399899+00,2026-09-19 10:56:25.125773+00,"{""sub"":""70815d6a-a9fd-4f89-94c5-50df62f78bb8"",""email"":""melikakhoshsut@gmail.com"",""full_name"":""Nayrika9808"",""email_verified"":true,""phone_verified"":false}","{""provider"":""email"",""providers"":[""email""]}"
7f82830a-4d14-46de-8a20-426ee876a972,taraziapour@gmail.com,null,$2a$10$7qg9HLxmTodZlFrlNzAmLu71edGCY3EEuOVN44ByRYzMOsD8cwIDi,2026-09-19 07:41:47.493297+00,null,2026-09-19 07:41:27.266177+00,2026-09-19 07:41:47.500752+00,"{""sub"":""7f82830a-4d14-46de-8a20-426ee876a972"",""email"":""taraziapour@gmail.com"",""full_name"":""Tulip"",""email_verified"":true,""phone_verified"":false}","{""provider"":""email"",""providers"":[""email""]}"
27ac23ea-f7c6-45fe-bc9c-9a080b0fb484,sana.hana.6540823@gmail.com,null,$2a$10$LyZoZQ4qHeepyrvYSFwFMuGUdS/dTrB0zWe4VaiCa6P7Fl.eg4YoO,null,null,2026-09-18 18:01:49.138535+00,null,"{""sub"":""27ac23ea-f7c6-45fe-bc9c-9a080b0fb484"",""email"":""sana.hana.6540823@gmail.com"",""full_name"":""....."",""email_verified"":false,""phone_verified"":false}","{""provider"":""email"",""providers"":[""email""]}"
661c27a6-3b50-474f-b208-d70acd375570,oara710@gmail.com,null,$2a$10$ZlIAuQkSFG6cI4rr/0v4kujvV.VuNpA3pOUP7A5zo4X/ndKQ7or7G,null,null,2026-09-18 15:40:13.973995+00,null,"{""sub"":""661c27a6-3b50-474f-b208-d70acd375570"",""email"":""oara710@gmail.com"",""full_name"":""سارا"",""email_verified"":false,""phone_verified"":false}","{""provider"":""email"",""providers"":[""email""]}"
cd7e34f2-a377-4984-b9c3-5a8a12b45838,s.mansoureh@gmail.com,null,$2a$10$IUD5NBXxZpvoVvA0hY7CWeuQp7QHrCYnDbEMZCTCaJnG5n.cEPJQm,2026-09-18 14:53:35.451288+00,null,2026-09-18 14:52:43.320433+00,2026-09-18 14:53:35.463368+00,"{""sub"":""cd7e34f2-a377-4984-b9c3-5a8a12b45838"",""email"":""s.mansoureh@gmail.com"",""full_name"":""Niusha"",""email_verified"":true,""phone_verified"":false}","{""provider"":""email"",""providers"":[""email""]}"
9715a90a-5763-4cf4-9706-a845b584e21a,asefnazari2222@gmail.com,null,$2a$10$37aocaAT3lplibrl7UpcruAUIi4teRNdoRVIHJL7h7/4pcNUjsiyW,2026-09-18 14:51:19.773021+00,null,2026-09-18 14:50:05.514404+00,2026-10-08 09:32:10.430803+00,"{""sub"":""9715a90a-5763-4cf4-9706-a845b584e21a"",""email"":""asefnazari2222@gmail.com"",""full_name"":""گلثوم"",""email_verified"":true,""phone_verified"":false}","{""provider"":""email"",""providers"":[""email""]}"
90583230-fc4b-443c-b7e8-a5ef37427c6c,narjjes.sti@gmail.com,null,$2a$10$TdsneXQmR8460.weZcy/auuxaVVHAYsuZlYSswKwtw57tcOnw/JC2,2026-09-18 13:22:17.879153+00,null,2026-09-18 13:18:33.365696+00,2026-09-18 13:22:17.889024+00,"{""sub"":""90583230-fc4b-443c-b7e8-a5ef37427c6c"",""email"":""narjjes.sti@gmail.com"",""full_name"":""نرجس"",""email_verified"":true,""phone_verified"":false}","{""provider"":""email"",""providers"":[""email""]}"
80922253-b664-4014-a846-0f7f4115a847,sa.akhash@gmail.com,null,$2a$10$OPOx4oj9HitXoWGfggPiSuOE4EfJSLAqg0V6m6Edc/zzPCDK4sGgq,2026-09-18 12:15:43.016835+00,null,2026-09-18 12:14:24.92716+00,2026-09-18 12:15:43.030077+00,"{""sub"":""80922253-b664-4014-a846-0f7f4115a847"",""email"":""sa.akhash@gmail.com"",""full_name"":""Zhenya's daughter"",""email_verified"":true,""phone_verified"":false}","{""provider"":""email"",""providers"":[""email""]}"
29f4761e-2f21-4731-9c17-7afae4636432,t02389707@gmail.com,null,$2a$10$/5qWC7KDDcWBXBMWmEQfNeUW7hQXL1DhX1LFwQMErtb/td.I2dlnq,null,null,2026-09-18 00:17:22.942839+00,null,"{""sub"":""29f4761e-2f21-4731-9c17-7afae4636432"",""email"":""t02389707@gmail.com"",""full_name"":""Tanaz"",""email_verified"":false,""phone_verified"":false}","{""provider"":""email"",""providers"":[""email""]}"
7a6f1839-64f9-4c53-ad31-84dafb7619bf,rezamoosabady@gmail.com,null,$2a$10$e61gTbhax68SVV6cR.jvr.cQj3fxVAptSypc.Yh0JkUtXHb69km5a,2026-09-17 19:12:28.988989+00,null,2026-09-17 19:10:45.942657+00,2026-09-17 19:12:29.008754+00,"{""sub"":""7a6f1839-64f9-4c53-ad31-84dafb7619bf"",""email"":""rezamoosabady@gmail.com"",""full_name"":""مریم موسوی"",""email_verified"":true,""phone_verified"":false}","{""provider"":""email"",""providers"":[""email""]}"
821c1494-05c1-4eec-a7bc-9790707a5642,aylinsajadi8863@gmail.com,null,$2a$10$aJY3AYcx3z9xz0n2ydOPfeaQrbQG.9pt5CzcLOrDga9wrZC4Z2VBa,2026-09-17 15:53:43.546459+00,null,2026-09-17 15:53:17.257481+00,2026-09-17 15:53:43.552054+00,"{""sub"":""821c1494-05c1-4eec-a7bc-9790707a5642"",""email"":""aylinsajadi8863@gmail.com"",""full_name"":""ایلین سجادی"",""email_verified"":true,""phone_verified"":false}","{""provider"":""email"",""providers"":[""email""]}"
d0a46d66-6d70-48ef-afa4-88454a9044e9,sadeghkasbikar@gmail.com,null,$2a$10$cKyOmUMlI/pevPA/GQYFu.OaQNU1h6t9bcORYmqLkdYgDa1tn0.e2,null,null,2026-09-17 14:49:01.3463+00,null,"{""sub"":""d0a46d66-6d70-48ef-afa4-88454a9044e9"",""email"":""sadeghkasbikar@gmail.com"",""full_name"":""ptro"",""email_verified"":false,""phone_verified"":false}","{""provider"":""email"",""providers"":[""email""]}"
68df7c91-bb3e-4ff1-be88-986d0dafa64c,a57460767@gmail.com,null,$2a$10$bXBfEU2t4a97f1VDSKjf4OrEvXoy803mQrwaIhZRREuCf.Wcr.B4a,2026-09-17 11:16:50.403693+00,null,2026-09-17 11:14:53.349544+00,2026-09-17 11:16:50.412284+00,"{""sub"":""68df7c91-bb3e-4ff1-be88-986d0dafa64c"",""email"":""a57460767@gmail.com"",""full_name"":""مریم"",""email_verified"":true,""phone_verified"":false}","{""provider"":""email"",""providers"":[""email""]}"
18321a44-f530-4b30-b47b-44bf2eedf2a4,nafasandi98@gmail.com,null,$2a$10$oIPpN4KDv9nQ0Ytf9By2dervbGb8GYUV9GORW7EmnruFmGx3FWCce,2026-09-17 10:51:29.285637+00,null,2026-09-17 10:38:18.433696+00,2026-09-17 10:51:29.304855+00,"{""sub"":""18321a44-f530-4b30-b47b-44bf2eedf2a4"",""email"":""nafasandi98@gmail.com"",""full_name"":""Nafas"",""email_verified"":true,""phone_verified"":false}","{""provider"":""email"",""providers"":[""email""]}"
e7e7edd9-48d3-4247-9b4e-aa778f6d4845,hodahematy8@gmail.com,null,$2a$10$5DmufYG56OE7v/lGJaxOjuMm6p/PeUaN9lZdqTN1Kw83gAoDEXAPq,null,null,2026-09-16 23:10:33.777015+00,null,"{""sub"":""e7e7edd9-48d3-4247-9b4e-aa778f6d4845"",""email"":""hodahematy8@gmail.com"",""full_name"":""میو"",""email_verified"":false,""phone_verified"":false}","{""provider"":""email"",""providers"":[""email""]}"
77fedb39-8e0f-45b2-9eba-3e5dd0f61540,viana.aibaghi@gmail.com,null,$2a$10$eLuO0FMhOX4Fc9jXZ4SVMuabn829nZ68y7UrDJGUwlBdyv8l1ru.i,2026-09-16 20:58:08.015553+00,null,2026-09-16 20:57:40.299012+00,2026-09-16 20:58:08.021556+00,"{""sub"":""77fedb39-8e0f-45b2-9eba-3e5dd0f61540"",""email"":""viana.aibaghi@gmail.com"",""full_name"":""TALIA"",""email_verified"":true,""phone_verified"":false}","{""provider"":""email"",""providers"":[""email""]}"
308289bb-3c52-43fe-8698-d7ab51821658,pariya.ghomeishi2010@gmail.com,null,$2a$10$DUgvZlUPcEjHD2qiz1g/dexzmUbHSzmeWhWe2Ja6MhO/q/a9tr6tG,2026-09-16 20:38:51.372173+00,null,2026-09-16 20:38:12.448373+00,2026-09-16 20:38:51.385474+00,"{""sub"":""308289bb-3c52-43fe-8698-d7ab51821658"",""email"":""pariya.ghomeishi2010@gmail.com"",""full_name"":""پریا"",""email_verified"":true,""phone_verified"":false}","{""provider"":""email"",""providers"":[""email""]}"
39980012-f429-45f4-92c8-75c5c8e2711d,zahrakarimi13890813@gmail.com,null,$2a$10$RfWn6hTFTMrcGMVEet5RSeLG8l9fKEiQi0n19C9geIvkq49aUfLO6,2026-09-16 16:33:57.510964+00,null,2026-09-16 16:33:31.402775+00,2026-09-16 16:33:57.519789+00,"{""sub"":""39980012-f429-45f4-92c8-75c5c8e2711d"",""email"":""zahrakarimi13890813@gmail.com"",""full_name"":""Zahra"",""email_verified"":true,""phone_verified"":false}","{""provider"":""email"",""providers"":[""email""]}"
83ff3d53-c42d-4680-b370-1c9753f2b570,yousef10kh87@gmail.com,null,$2a$10$/Jb8jk86n8h7XtB4NxBhxeln7ggbUWPbCs3r6Y31.YjsTi4Uk4NfO,2026-09-16 15:19:00.571712+00,null,2026-09-16 15:18:19.781788+00,2026-09-16 15:19:00.57649+00,"{""sub"":""83ff3d53-c42d-4680-b370-1c9753f2b570"",""email"":""yousef10kh87@gmail.com"",""full_name"":""yousef10kh"",""email_verified"":true,""phone_verified"":false}","{""provider"":""email"",""providers"":[""email""]}"
e393550b-f610-4b06-8ee8-f5fa0cafaefd,zs.00970sarvari@gmail.com,null,$2a$10$NqIIAvUvl3JVuSZtFVGyTOrVOVhlrXcuOyHUSWWmvC6mc6S39ea/K,2026-09-16 14:03:52.433232+00,null,2026-09-16 14:03:19.038653+00,2026-09-16 14:03:52.478171+00,"{""sub"":""e393550b-f610-4b06-8ee8-f5fa0cafaefd"",""email"":""zs.00970sarvari@gmail.com"",""full_name"":""Mahsan"",""email_verified"":true,""phone_verified"":false}","{""provider"":""email"",""providers"":[""email""]}"
28fa0c46-2d72-4e5d-ac52-94eeca6f539b,www.hasanmahduon63@gmail.com,null,$2a$10$GCxBuZaAVm8xGhKJA4bSUOIJaf.4S2ZE5cNvTDuE1kZCqbFPyEH8i,2026-09-15 22:47:42.445658+00,null,2026-09-15 22:47:13.884105+00,2026-09-15 22:47:42.451122+00,"{""sub"":""28fa0c46-2d72-4e5d-ac52-94eeca6f539b"",""email"":""www.hasanmahduon63@gmail.com"",""full_name"":""کیانا"",""email_verified"":true,""phone_verified"":false}","{""provider"":""email"",""providers"":[""email""]}"
53adb988-6858-4d7d-9905-e5ddd27e52b1,thna72208@gmail.com,null,$2a$10$PUs/GqmmbAJGZKE3OmT8VuswgeHropNcHnihHxuc4SigfHg6APW9C,null,null,2026-09-15 21:19:40.505179+00,null,"{""sub"":""53adb988-6858-4d7d-9905-e5ddd27e52b1"",""email"":""thna72208@gmail.com"",""full_name"":""ثنا"",""email_verified"":false,""phone_verified"":false}","{""provider"":""email"",""providers"":[""email""]}"
5387db97-1ff1-48e3-92d3-5382f3dc1f74,parnahemmati04@gmail.com,null,$2a$10$R53eC6Be3m1WAZh3yKdused20bzzNMbtclQ0VN3PHz1g7Rg.b5Uqe,2026-09-15 16:45:45.982753+00,null,2026-09-15 16:44:08.747129+00,2026-09-15 16:45:45.99448+00,"{""sub"":""5387db97-1ff1-48e3-92d3-5382f3dc1f74"",""email"":""parnahemmati04@gmail.com"",""full_name"":""پرنا همتی"",""email_verified"":true,""phone_verified"":false}","{""provider"":""email"",""providers"":[""email""]}"
48096ef5-fa9e-4553-ba1a-f6332931ef2f,yosefzaiee@gmail.com,null,$2a$10$zJDNXGtv7Mns67YV/85ytODYiniChjIqyK3CW8dUjpWBV6rOQXJZS,null,null,2026-09-15 12:42:22.43607+00,null,"{""sub"":""48096ef5-fa9e-4553-ba1a-f6332931ef2f"",""email"":""yosefzaiee@gmail.com"",""full_name"":""بال نقره ای"",""email_verified"":false,""phone_verified"":false}","{""provider"":""email"",""providers"":[""email""]}"
7b3ffd86-5cdc-42cf-b153-d30af3c65768,tlakhbkhkhl2@gmail.com,null,$2a$10$sRTGnG3Y.BJg3d8It4OKo.bXEiU5iLaqWoYNofnNBtGfjyyyPCG36,2026-09-14 10:57:24.657291+00,null,2026-09-14 10:16:38.610204+00,2026-09-30 16:21:42.50675+00,"{""sub"":""7b3ffd86-5cdc-42cf-b153-d30af3c65768"",""email"":""tlakhbkhkhl2@gmail.com"",""full_name"":""حسین"",""email_verified"":true,""phone_verified"":false}","{""provider"":""email"",""providers"":[""email""]}"
db70d110-94db-4226-9ad8-5d114e7accd9,bahar.soli012@gmail.com,null,$2a$10$qppP2N2Sed9DO..HWei56Ogr/yHK6Syl9dle3M2onTEjFhszLtUUm,null,null,2026-09-14 09:05:04.332681+00,null,"{""sub"":""db70d110-94db-4226-9ad8-5d114e7accd9"",""email"":""bahar.soli012@gmail.com"",""full_name"":""یاس"",""email_verified"":false,""phone_verified"":false}","{""provider"":""email"",""providers"":[""email""]}"
9d7a0787-3a53-444f-a40e-40b7331f1b65,salimigamar210@gmail.com,null,$2a$10$YX/k7HcjYye4HEBhqfvOa.yqUBcP.6wy3S7KahwIdNmx874LK6w46,2026-09-14 00:13:16.899611+00,null,2026-09-14 00:12:38.541509+00,2026-09-14 00:13:16.905235+00,"{""sub"":""9d7a0787-3a53-444f-a40e-40b7331f1b65"",""email"":""salimigamar210@gmail.com"",""full_name"":""Mr."",""email_verified"":true,""phone_verified"":false}","{""provider"":""email"",""providers"":[""email""]}"
b5b3ea7a-bf70-4357-bd9e-b35368cdc0dd,mh8881222@gmail.com,null,$2a$10$qt/PmjYni2qfIw540PJGfOpAPcmGcBvKTmHQVhiZYhEMuVCjB8L6q,2026-09-13 21:02:19.198505+00,null,2026-09-13 21:01:41.811531+00,2026-09-13 21:02:19.22902+00,"{""sub"":""b5b3ea7a-bf70-4357-bd9e-b35368cdc0dd"",""email"":""mh8881222@gmail.com"",""full_name"":""Ella"",""email_verified"":true,""phone_verified"":false}","{""provider"":""email"",""providers"":[""email""]}"
11b3b76a-a9d7-42a5-95a3-d86449ef67ec,suzan5yad@gmail.com,null,$2a$10$4dIsv9OZyfIoRIVzWwnkKefuirNZ6JkdAw4B9KZJhBbtCkgTRLqPO,2026-09-13 20:47:18.847049+00,null,2026-09-13 20:43:52.401662+00,2026-09-13 20:47:18.855992+00,"{""sub"":""11b3b76a-a9d7-42a5-95a3-d86449ef67ec"",""email"":""suzan5yad@gmail.com"",""full_name"":""suzali"",""email_verified"":true,""phone_verified"":false}","{""provider"":""email"",""providers"":[""email""]}"
6b13fe0e-3aa1-4a22-a5c0-4baf867f5899,13911003n@gmail.com,null,$2a$10$if.aMG.QaV4JUFXy38rjk.pqUuBNtUuNE.d9ZnqRDM9bsSqKlFzPm,2026-09-13 19:53:18.036726+00,null,2026-09-13 19:52:36.601262+00,2026-09-13 19:53:18.062195+00,"{""sub"":""6b13fe0e-3aa1-4a22-a5c0-4baf867f5899"",""email"":""13911003n@gmail.com"",""full_name"":""neymar"",""email_verified"":true,""phone_verified"":false}","{""provider"":""email"",""providers"":[""email""]}"
27db9571-4a16-4be9-8344-31b99e182f66,eil.loshad@gmail.com,null,$2a$10$LTQYHsq5Zga9g8ujaK8g2OGX4jkqIDzg1UKz2KrDQ45nXXB3Dg2qS,null,null,2026-09-13 19:24:31.104109+00,null,"{""sub"":""27db9571-4a16-4be9-8344-31b99e182f66"",""email"":""eil.loshad@gmail.com"",""full_name"":""ریحانه"",""email_verified"":false,""phone_verified"":false}","{""provider"":""email"",""providers"":[""email""]}"
d086aa24-c104-4fdf-a7d5-8ef94ad387c7,eil@gmail.com,null,$2a$10$1u.OZiqWmi1dhcSfKkWCWeLJliR7uFThNZz0JULIKjLMmBJl8wm32,null,null,2026-09-13 19:23:18.643809+00,null,"{""sub"":""d086aa24-c104-4fdf-a7d5-8ef94ad387c7"",""email"":""eil@gmail.com"",""full_name"":""ریحانه"",""email_verified"":false,""phone_verified"":false}","{""provider"":""email"",""providers"":[""email""]}"
b4c94ee4-7b24-44f9-9e19-d1fcfe2de78b,mr.habooosh@gmail.com,null,$2a$10$L6HCiK8DVDUTjT9ilzMxqeT/GIQiGTpeXumxouJlTrwww3J.GFc7G,2026-09-13 18:16:30.010188+00,null,2026-09-13 18:16:05.808553+00,2026-09-13 18:16:30.015833+00,"{""sub"":""b4c94ee4-7b24-44f9-9e19-d1fcfe2de78b"",""email"":""mr.habooosh@gmail.com"",""full_name"":""ریحانه عبدالخانی"",""email_verified"":true,""phone_verified"":false}","{""provider"":""email"",""providers"":[""email""]}"
37b5ffda-b466-4676-a99e-77bf0a0c49d8,amirgamernorozzadeh@gmail.com,null,$2a$10$W7J6ROmxt.p2.qRoiB7JZuKcnFanQdWklL93UdkOknjAWIER6sa9K,2026-09-13 16:20:45.060996+00,null,2026-09-13 16:19:59.654264+00,2026-09-14 08:30:21.43197+00,"{""sub"":""37b5ffda-b466-4676-a99e-77bf0a0c49d8"",""email"":""amirgamernorozzadeh@gmail.com"",""full_name"":""امیرعلی نوروززاده"",""email_verified"":true,""phone_verified"":false}","{""provider"":""email"",""providers"":[""email""]}"
a773b260-bb8e-4d8c-adad-1f94c16277e7,mkmmm0553@gmail.com,null,$2a$10$NRMU1slqMzm9NMt8YqeQRuCBPuAQbypJ2t5BiQYvzS1/pQkSHUFVm,2026-09-13 13:31:47.61209+00,null,2026-09-13 13:31:05.849162+00,2026-09-13 13:31:47.634464+00,"{""sub"":""a773b260-bb8e-4d8c-adad-1f94c16277e7"",""email"":""mkmmm0553@gmail.com"",""full_name"":""اوفلیا"",""email_verified"":true,""phone_verified"":false}","{""provider"":""email"",""providers"":[""email""]}"
10d0163c-f725-48f0-a1bb-421b6a8b6afc,hivamortazavi0@gmail.com,null,$2a$10$KkGep3mhkyxivyQUq0aCwOOWJzWuTR4OO5R2REZT/lhcmuwpKUpIm,null,null,2026-09-13 11:12:55.109378+00,null,"{""sub"":""10d0163c-f725-48f0-a1bb-421b6a8b6afc"",""email"":""hivamortazavi0@gmail.com"",""full_name"":""هیوا مرتضوی"",""email_verified"":false,""phone_verified"":false}","{""provider"":""email"",""providers"":[""email""]}"
4db3e9fb-915a-4342-a4d0-ad4ec78f7896,imrayanmi@gmail.com,null,$2a$10$Rd2jSn2dx3MMai/tsTmnxuolL/9M0/ar9jFz1KoHMF7UNp0f1ZxXi,2026-09-12 23:42:27.617201+00,null,2026-09-12 23:41:55.970689+00,2026-09-12 23:42:27.624855+00,"{""sub"":""4db3e9fb-915a-4342-a4d0-ad4ec78f7896"",""email"":""imrayanmi@gmail.com"",""full_name"":""Raya"",""email_verified"":true,""phone_verified"":false}","{""provider"":""email"",""providers"":[""email""]}"
c9d61bb7-5167-4c30-a702-0728ea5ea5ef,nasehkaksawande@gmail.com,null,$2a$10$Z9.CWlYx2OMG/78DySutVexTCAFG9GRZdP2Ui0p6rIYhKMzbZobkS,2026-09-12 17:54:59.462396+00,null,2026-09-12 17:54:24.597117+00,2026-09-12 17:54:59.480135+00,"{""sub"":""c9d61bb7-5167-4c30-a702-0728ea5ea5ef"",""email"":""nasehkaksawande@gmail.com"",""full_name"":""رزت رویا"",""email_verified"":true,""phone_verified"":false}","{""provider"":""email"",""providers"":[""email""]}"
1fee7a82-d931-43e5-a292-cc67b5deee55,nazli1391amiriyan@gmail.com,null,$2a$10$yL3MpW1P4cPthoSFWoC2ReaHf.GgZSdzpZJ41GVbhTNwvwUDABJai,2026-09-12 17:04:21.408491+00,null,2026-09-12 17:01:59.429135+00,2026-09-12 17:04:21.424752+00,"{""sub"":""1fee7a82-d931-43e5-a292-cc67b5deee55"",""email"":""nazli1391amiriyan@gmail.com"",""full_name"":""نازلی"",""email_verified"":true,""phone_verified"":false}","{""provider"":""email"",""providers"":[""email""]}"
8f37bf78-4286-40ac-9e43-1b40c2dd3a3b,fethullahishahd@gmail.com,null,$2a$10$.fZU2jg3GhEmYn1IU547LO1n2vHKh7AsTEvNG.GURVqYz89FVYpLa,2026-09-22 12:20:37.20701+00,null,2026-09-12 16:09:12.581145+00,2026-09-22 12:20:37.237214+00,"{""sub"":""8f37bf78-4286-40ac-9e43-1b40c2dd3a3b"",""email"":""fethullahishahd@gmail.com"",""full_name"":""...."",""email_verified"":true,""phone_verified"":false}","{""provider"":""email"",""providers"":[""email""]}"
ef3414ad-176c-4d04-9c26-1211ea35c40c,aaaadddd1391@gmail.com,null,$2a$10$Ly44gA1xmkSqTzOSCHidZezfXfvj72Wt1vG/nWdQI2IDwJwebLc6G,2026-09-12 15:38:21.628618+00,null,2026-09-12 15:37:30.433812+00,2026-09-12 15:38:21.636212+00,"{""sub"":""ef3414ad-176c-4d04-9c26-1211ea35c40c"",""email"":""aaaadddd1391@gmail.com"",""full_name"":""Hessm"",""email_verified"":true,""phone_verified"":false}","{""provider"":""email"",""providers"":[""email""]}"
f72c7262-2546-43ba-a02a-83cf4944e7d0,drkhshanaram969@gmail.com,null,$2a$10$S00EPd0YPvSqQ9bx2Mr8uOzKXmPnzNwVPgHqZ8y8KnQt/YaTc159a,null,null,2026-09-12 15:29:18.171787+00,null,"{""sub"":""f72c7262-2546-43ba-a02a-83cf4944e7d0"",""email"":""drkhshanaram969@gmail.com"",""full_name"":""فاطمه مرادی زاده"",""email_verified"":false,""phone_verified"":false}","{""provider"":""email"",""providers"":[""email""]}"
8cd1781e-b124-44ea-a829-5c866057c481,aylasobhani1392@gmail.com,null,$2a$10$EmHdIWEtiIJ3il4kebGBPu8JJMFs9ie8yMjWFhjxpV0oGwmoZ4FNi,2026-09-12 14:07:11.378509+00,null,2026-09-12 14:05:17.797773+00,2026-09-12 14:07:11.389943+00,"{""sub"":""8cd1781e-b124-44ea-a829-5c866057c481"",""email"":""aylasobhani1392@gmail.com"",""full_name"":""آلی"",""email_verified"":true,""phone_verified"":false}","{""provider"":""email"",""providers"":[""email""]}"
e6288e34-c8ab-4e07-b919-8e1e61c14efd,0.aayynnaazz.0@gmail.com,null,$2a$10$6kQkTZr6HvxFN4DViRDi8.Lh0NjIvQP7Jgw/8zuLU9RFqYKJ5Ar8S,2026-09-12 13:54:52.698864+00,null,2026-09-12 13:53:25.811748+00,2026-09-14 17:31:37.883833+00,"{""sub"":""e6288e34-c8ab-4e07-b919-8e1e61c14efd"",""email"":""0.aayynnaazz.0@gmail.com"",""full_name"":""Aynaz"",""email_verified"":true,""phone_verified"":false}","{""provider"":""email"",""providers"":[""email""]}"
efc5eedf-10e0-4258-a9cd-93a0f88a4762,ahmadi3521hhh@gmail.com,null,$2a$10$COU7MsfmDpLr3l.g07rUp.BJo4baaJIuT3mAggW.78exwU9upkolC,2026-09-12 12:24:51.292804+00,null,2026-09-12 12:24:03.007653+00,2026-09-17 07:23:57.49542+00,"{""sub"":""efc5eedf-10e0-4258-a9cd-93a0f88a4762"",""email"":""ahmadi3521hhh@gmail.com"",""full_name"":""حدیثه"",""email_verified"":true,""phone_verified"":false}","{""provider"":""email"",""providers"":[""email""]}"
d9de0c3d-f9c6-4cb1-8dfd-21b8a7146bfd,hastikarmand208@gmail.com,null,$2a$10$qjnZikLKizkktMEWeY4Vze5C9cj.YR5WRIn.jppzivUArG6QuKL2m,2026-09-12 11:09:58.575537+00,null,2026-09-12 11:09:14.011428+00,2026-09-15 22:38:28.76009+00,"{""sub"":""d9de0c3d-f9c6-4cb1-8dfd-21b8a7146bfd"",""email"":""hastikarmand208@gmail.com"",""full_name"":""Naira"",""email_verified"":true,""phone_verified"":false}","{""provider"":""email"",""providers"":[""email""]}"
52b5cc6c-c8e4-474a-9dc1-c8c5acd3d693,moohamdaylas1385@gmail.com,null,$2a$10$FCNLc7Opk.5VwbjM4LqUpeaJzDHfI3M.qwMfwmaQOl65GYl9xJjjW,2026-09-12 10:05:28.347583+00,null,2026-09-12 10:04:40.39812+00,2026-09-12 10:05:28.352122+00,"{""sub"":""52b5cc6c-c8e4-474a-9dc1-c8c5acd3d693"",""email"":""moohamdaylas1385@gmail.com"",""full_name"":""فرزانه"",""email_verified"":true,""phone_verified"":false}","{""provider"":""email"",""providers"":[""email""]}"
4eb0d716-3152-4162-9415-5b8f788d67d6,narsadeghi1386@gmail.com,null,$2a$10$Lny5uutYLsDTvoFF1pTQOOqTGIO5jLEHrCZNlkFCkFdo8p37SpIh.,2026-09-12 10:05:44.866264+00,null,2026-09-12 10:01:56.596762+00,2026-09-12 10:15:24.066914+00,"{""sub"":""4eb0d716-3152-4162-9415-5b8f788d67d6"",""email"":""narsadeghi1386@gmail.com"",""full_name"":""تانجیرو"",""email_verified"":true,""phone_verified"":false}","{""provider"":""email"",""providers"":[""email""]}"
892a5303-cf1e-48f2-af89-2a7aaad800c5,salmanalimihgadam@gmail.com,null,$2a$10$8KYFdfuo6nw49ayLSt9fiO9mVQMAqEL7k0HJZWcEaiZnnAQKIQfS.,2026-09-11 23:25:26.773197+00,null,2026-09-11 23:23:20.720905+00,2026-09-11 23:25:26.788601+00,"{""sub"":""892a5303-cf1e-48f2-af89-2a7aaad800c5"",""email"":""salmanalimihgadam@gmail.com"",""full_name"":""شبنم"",""email_verified"":true,""phone_verified"":false}","{""provider"":""email"",""providers"":[""email""]}"
b645a5aa-db6a-426f-aebd-6c480e73d420,ghanimaryam1389@gmail.com,null,$2a$10$EPc/.TXUP.nVq0oa7zpHzOQh5EgumnA.Qlwfw/i.cZuBjSjwbWSdq,2026-09-11 18:27:53.102872+00,null,2026-09-11 18:27:22.745176+00,2026-09-11 18:27:53.112052+00,"{""sub"":""b645a5aa-db6a-426f-aebd-6c480e73d420"",""email"":""ghanimaryam1389@gmail.com"",""full_name"":""مریم"",""email_verified"":true,""phone_verified"":false}","{""provider"":""email"",""providers"":[""email""]}"
d266c2c5-aeb0-4426-8693-08ce07b8c098,zchc27533@gmail.com,null,$2a$10$Y1nmxK.r5b4AjckNl4shf.02NWeLhCwzkbWzroCyhaNKP.J2nYkZq,null,null,2026-09-11 17:38:02.93807+00,null,"{""sub"":""d266c2c5-aeb0-4426-8693-08ce07b8c098"",""email"":""zchc27533@gmail.com"",""full_name"":""Yasaman"",""email_verified"":false,""phone_verified"":false}","{""provider"":""email"",""providers"":[""email""]}"
21c31cd8-3742-40c6-abf9-3c26c6f35ccb,arshia.farahany70@gmail.com,null,$2a$10$kXoWTEpATCfp6csarCJoeOV9Zuaf2P0kqeX1cygEf8.ZWqthX5bpS,2026-09-11 16:11:02.287332+00,null,2026-09-11 16:10:02.89931+00,2026-09-11 16:11:02.292204+00,"{""sub"":""21c31cd8-3742-40c6-abf9-3c26c6f35ccb"",""email"":""arshia.farahany70@gmail.com"",""full_name"":""عرشیا"",""email_verified"":true,""phone_verified"":false}","{""provider"":""email"",""providers"":[""email""]}"
99d7226d-2e93-49ea-a1d1-4f22b91663aa,fatemehfaqihi1234@gmail.com,null,$2a$10$z1v09EqiZkUN94wHlI5vH.e/Qtwv39OVzwhWPYBiM.RcbUBwxCgmy,null,null,2026-09-11 09:38:46.827947+00,null,"{""sub"":""99d7226d-2e93-49ea-a1d1-4f22b91663aa"",""email"":""fatemehfaqihi1234@gmail.com"",""full_name"":""محدثه"",""email_verified"":false,""phone_verified"":false}","{""provider"":""email"",""providers"":[""email""]}"
2334acb0-cc31-4e8e-b245-1557cbca8703,alham1393ghattali@gmail.com,null,$2a$10$uv8CVzrrZr4Vvyk0H0HjE.KuCLVP1lxpOJAYijmDSMH9Pmc8MwyBy,null,null,2026-09-11 01:09:52.178931+00,null,"{""sub"":""2334acb0-cc31-4e8e-b245-1557cbca8703"",""email"":""alham1393ghattali@gmail.com"",""full_name"":""X"",""email_verified"":false,""phone_verified"":false}","{""provider"":""email"",""providers"":[""email""]}"
51659f65-09e3-4c1d-9fce-8a0e142612ed,shahinkarimi376@gmail.com,null,$2a$10$jrFIvuLl7n3MB7CMzf3j8u4L4IItUFj0uQfgi7Msm1y8vY7QF0Woy,2026-09-10 23:47:12.140477+00,null,2026-09-10 23:46:48.732286+00,2026-09-10 23:47:12.146205+00,"{""sub"":""51659f65-09e3-4c1d-9fce-8a0e142612ed"",""email"":""shahinkarimi376@gmail.com"",""full_name"":""امیر محمد"",""email_verified"":true,""phone_verified"":false}","{""provider"":""email"",""providers"":[""email""]}"
e905609d-2741-4fb1-abd3-87b9dd89408b,mohammadseiedii@gmail.com,null,$2a$10$SEBq7Z1RlwKYPaetii.B2efmV7wuDwcGj4QBg21MK9Y0lsYKiejVC,null,null,2026-09-10 22:55:44.476515+00,null,"{""sub"":""e905609d-2741-4fb1-abd3-87b9dd89408b"",""email"":""mohammadseiedii@gmail.com"",""full_name"":""مائده"",""email_verified"":false,""phone_verified"":false}","{""provider"":""email"",""providers"":[""email""]}"
02f4cb54-7be9-4ddc-809a-6c29391a5134,taheripooya782@gmail.com,null,$2a$10$dKr4bSYGhxgpHaNLczkJI.GunKr7gvk7nubPYXBhhugSaixyf2SWW,null,null,2026-09-10 22:13:51.061593+00,null,"{""sub"":""02f4cb54-7be9-4ddc-809a-6c29391a5134"",""email"":""taheripooya782@gmail.com"",""full_name"":""ناروتو"",""email_verified"":false,""phone_verified"":false}","{""provider"":""email"",""providers"":[""email""]}"
700271e1-11af-4452-9725-9f56c6bbc83a,nazanin.z.abkar@gmail.com,null,$2a$10$q6WEGkdbW0YnfTwnO2xeAu74gVIK9tLwuBoEk9BW5cpm1.oLC2mRO,2026-09-10 21:07:50.873842+00,null,2026-09-10 21:06:59.524475+00,2026-09-10 21:07:50.882039+00,"{""sub"":""700271e1-11af-4452-9725-9f56c6bbc83a"",""email"":""nazanin.z.abkar@gmail.com"",""full_name"":""Nazi"",""email_verified"":true,""phone_verified"":false}","{""provider"":""email"",""providers"":[""email""]}"
e7a09103-afd2-49ad-a680-e673dcf5bb43,sanaghorbanipor15@gmail.com,null,$2a$10$PaHaDHfw08BXEIYd2ZzZ9uufQ9TkLLcsOtqxv42lU33WzXUG49qv2,null,null,2026-09-10 20:04:38.166744+00,null,"{""sub"":""e7a09103-afd2-49ad-a680-e673dcf5bb43"",""email"":""sanaghorbanipor15@gmail.com"",""full_name"":""Siana"",""email_verified"":false,""phone_verified"":false}","{""provider"":""email"",""providers"":[""email""]}"
b22eaaef-ca17-456a-b954-e8a498d024b2,zkhaksar816@gmail.com,null,$2a$10$GOkZBLfxVSjZklZExI3Q6.2.JXcQxfW/PADikKkgfAmpjTcZQMN6W,2026-09-10 21:20:44.281524+00,null,2026-09-10 19:01:46.645053+00,2026-09-10 21:20:44.287488+00,"{""sub"":""b22eaaef-ca17-456a-b954-e8a498d024b2"",""email"":""zkhaksar816@gmail.com"",""full_name"":""هینا"",""email_verified"":true,""phone_verified"":false}","{""provider"":""email"",""providers"":[""email""]}"
8e342974-4987-4f8b-a711-2d0b65c268e8,nezko55@gmail.com,null,$2a$10$t950YAjatti8Xs63qLT8..qiGTauLYAfZilrmsrJV9R5gg1UA9Qby,2026-09-10 18:40:44.675006+00,null,2026-09-10 18:39:45.83767+00,2026-09-12 05:51:56.566523+00,"{""sub"":""8e342974-4987-4f8b-a711-2d0b65c268e8"",""email"":""nezko55@gmail.com"",""full_name"":""Haruno"",""email_verified"":true,""phone_verified"":false}","{""provider"":""email"",""providers"":[""email""]}"
c9fcc89b-56ff-47dd-b803-2dcf28cf477d,rezaeif13811381@gmail.com,null,$2a$10$qEkhuAQPrFlZvz1Ov.OgZ.Mwrfy1pdO8bjE1t6x7NEqzt0ZRrZruO,2026-09-10 10:34:03.885923+00,null,2026-09-10 10:33:08.659808+00,2026-09-10 10:34:03.898132+00,"{""sub"":""c9fcc89b-56ff-47dd-b803-2dcf28cf477d"",""email"":""rezaeif13811381@gmail.com"",""full_name"":""فاطمه رضایی"",""email_verified"":true,""phone_verified"":false}","{""provider"":""email"",""providers"":[""email""]}"
90c590bb-e7f2-4e46-9bde-ba57692784e2,samaeinila@gmail.com,null,$2a$10$.YPojyeMhecMteFYNwOKBO9OlpVJ22oxrB7MEyG4bGte.DLUe08pW,2026-09-10 09:30:20.529686+00,null,2026-09-10 09:30:20.498003+00,2026-10-09 06:34:10.125917+00,"{""email_verified"":true}","{""provider"":""email"",""providers"":[""email""]}"
6f4a82a8-48be-466e-9fb1-288b7b7a4498,alanrobai@gmail.com,null,$2a$10$5wLNSbpO5abzoATx/XqTseS0XV10.xdMf.LJk2PQq2/Fkd7Lw699O,null,null,2026-09-10 08:57:04.252259+00,null,"{""sub"":""6f4a82a8-48be-466e-9fb1-288b7b7a4498"",""email"":""alanrobai@gmail.com"",""full_name"":""Haruno"",""email_verified"":false,""phone_verified"":false}","{""provider"":""email"",""providers"":[""email""]}"
3cc612ee-f33d-4e6f-bf3b-dad8e89b5862,nnnny9973@gmail.com,null,$2a$10$gFr.A6MnRZDjdsS3E1bEk.tnaun.Wg6G94r6d4Eceid3Nk5hvs92q,null,null,2026-09-10 08:56:02.630891+00,null,"{""sub"":""3cc612ee-f33d-4e6f-bf3b-dad8e89b5862"",""email"":""nnnny9973@gmail.com"",""full_name"":""Naya"",""email_verified"":false,""phone_verified"":false}","{""provider"":""email"",""providers"":[""email""]}"
fcb925cf-cc04-4e7e-841e-e5833dbe5cd5,z06649793@gmail.com,null,$2a$10$ksURujMFM9c2IwOMacPjA.ONB8ki5haRU5ltAyojDnS5I07ahiYGO,null,null,2026-09-10 00:49:49.953417+00,null,"{""sub"":""fcb925cf-cc04-4e7e-841e-e5833dbe5cd5"",""email"":""z06649793@gmail.com"",""full_name"":""Z.B"",""email_verified"":false,""phone_verified"":false}","{""provider"":""email"",""providers"":[""email""]}"
2e47fa8a-d2b3-42a0-828e-88b6a32801f2,blacklovelyeyes@gmail.com,null,$2a$10$z4EWPEt5nUDcgowIJTDR0eByBYU2hNe49wJGadM.rS60ow4fgeT4i,2026-09-09 23:00:42.903481+00,null,2026-09-09 23:00:01.047157+00,2026-09-09 23:00:42.908791+00,"{""sub"":""2e47fa8a-d2b3-42a0-828e-88b6a32801f2"",""email"":""blacklovelyeyes@gmail.com"",""full_name"":""مرضیه"",""email_verified"":true,""phone_verified"":false}","{""provider"":""email"",""providers"":[""email""]}"
43a0664f-e05c-4ce4-91b1-73fcda89defc,r.t.a.m.13.6090@gmail.com,null,$2a$10$gP2XAxZECMRbmgH0XtRbzuSAYpNqlzz8y.KJqPwviKw0mXHxdJx5O,null,null,2026-09-09 19:28:14.00493+00,null,"{""sub"":""43a0664f-e05c-4ce4-91b1-73fcda89defc"",""email"":""r.t.a.m.13.6090@gmail.com"",""full_name"":""Nier"",""email_verified"":false,""phone_verified"":false}","{""provider"":""email"",""providers"":[""email""]}"
f6ac532c-9cbc-4bf3-a48e-75b31ccf1aa4,aysan2013aysel2015@gmail.com,null,$2a$10$k9BsMWrrJ03AJTLcPDRe0.RVqD.eOZM.YvKVCatBSG31yeoqLpQDS,null,null,2026-09-09 17:22:02.197918+00,null,"{""sub"":""f6ac532c-9cbc-4bf3-a48e-75b31ccf1aa4"",""email"":""aysan2013aysel2015@gmail.com"",""full_name"":""Aysan"",""email_verified"":false,""phone_verified"":false}","{""provider"":""email"",""providers"":[""email""]}"
d39a0283-9f4f-4cbf-8886-feadf2d99712,elinanorozi1384@gmail.com,null,$2a$10$X/C4WzkHM12aJwFnPkoe0uKpRLZk0a0eIlX6ycFy4CsgFiX8m0PeO,2026-09-09 13:55:51.756059+00,null,2026-09-09 13:55:03.11853+00,2026-09-09 13:55:51.759997+00,"{""sub"":""d39a0283-9f4f-4cbf-8886-feadf2d99712"",""email"":""elinanorozi1384@gmail.com"",""full_name"":""الینا صائمیان"",""email_verified"":true,""phone_verified"":false}","{""provider"":""email"",""providers"":[""email""]}"
03151f77-9d23-4312-b7f4-8727e6ee60fe,elinanorouzi1384@gmail.com,null,$2a$10$VTwAfcp5iSYXUusVmhRPneMH6p4401RBv6b0ewyGystAwtKE0n1o6,null,null,2026-09-09 13:50:05.97816+00,null,"{""sub"":""03151f77-9d23-4312-b7f4-8727e6ee60fe"",""email"":""elinanorouzi1384@gmail.com"",""full_name"":""الینا صائمیان"",""email_verified"":false,""phone_verified"":false}","{""provider"":""email"",""providers"":[""email""]}"
72d9fd5f-ace0-41f7-a4a7-717509cc44e3,j60727423@gmail.com,null,$2a$10$aUHYVPCC5sAY1FFG8pw4OO2vQ8TL2pMOReSArwmwIJPZUtGf/z8aK,null,null,2026-09-09 10:15:08.242583+00,null,"{""sub"":""72d9fd5f-ace0-41f7-a4a7-717509cc44e3"",""email"":""j60727423@gmail.com"",""full_name"":""جانان"",""email_verified"":false,""phone_verified"":false}","{""provider"":""email"",""providers"":[""email""]}"
9f76e47b-733c-4562-8119-a0ffd5963161,qudsdayali@gmail.com,null,$2a$10$/ivZMAETWFPRX6AIFB/k8eCN0TCTVQ99PkM4AEEuQA7ksKtgQAPQa,null,null,2026-09-09 09:03:43.710586+00,null,"{""sub"":""9f76e47b-733c-4562-8119-a0ffd5963161"",""email"":""qudsdayali@gmail.com"",""full_name"":""هاله"",""email_verified"":false,""phone_verified"":false}","{""provider"":""email"",""providers"":[""email""]}"
989d166e-4336-466f-82d6-083ee3aa5eb8,zemmjymamuij98@gmail.com,null,$2a$10$JEul81DoaXr6e.JHfk/AO.8GmTZlAomGa0WCb5D4VhsnvPE2bdXQW,null,null,2026-09-09 02:31:25.456461+00,null,"{""sub"":""989d166e-4336-466f-82d6-083ee3aa5eb8"",""email"":""zemmjymamuij98@gmail.com"",""full_name"":""مانهوا خون ایرانی بدبخت با دلار ؟؟؟ تومنی"",""email_verified"":false,""phone_verified"":false}","{""provider"":""email"",""providers"":[""email""]}"
7d4279cf-473a-421c-97a7-0735e1e210b5,alhamzbrdst@gmail.com,null,$2a$10$CKZceW08FV/Gx2aOZIZJZeRoT.j6.0L/5b0/8ul5pErgqcQlBAtrS,2026-09-24 20:07:00.837245+00,null,2026-09-08 20:21:30.171535+00,2026-09-24 20:07:00.887333+00,"{""sub"":""7d4279cf-473a-421c-97a7-0735e1e210b5"",""email"":""alhamzbrdst@gmail.com"",""full_name"":""هدی"",""email_verified"":true,""phone_verified"":false}","{""provider"":""email"",""providers"":[""email""]}"
7bf92ba2-5933-4501-b1c7-7f54062b8be1,kosarparkhidr@gmail.com,null,$2a$10$3P502mubIECj.NVRUPhEKuvcYCUb6sw6UNTxIcBoAe1ns3lOIdlqG,null,null,2026-09-08 20:06:56.268228+00,null,"{""sub"":""7bf92ba2-5933-4501-b1c7-7f54062b8be1"",""email"":""kosarparkhidr@gmail.com"",""full_name"":""nanai"",""email_verified"":false,""phone_verified"":false}","{""provider"":""email"",""providers"":[""email""]}"
3d66767e-2d19-417e-9693-01ff9162ddc2,amitismoosavi3341@gmail.com,null,$2a$10$DxOyoe1OY43w.lTeFhXMbeIPtZ6Iy9f1KTsKFpUohClXRiv0mk2Xe,null,null,2026-09-08 19:49:49.851324+00,null,"{""sub"":""3d66767e-2d19-417e-9693-01ff9162ddc2"",""email"":""amitismoosavi3341@gmail.com"",""full_name"":""آمیتیس موسوی"",""email_verified"":false,""phone_verified"":false}","{""provider"":""email"",""providers"":[""email""]}"
0c661ba2-9ac2-443c-ab1d-41ccd3b5453d,golimohamadi9609@gmail.com,null,$2a$10$uC0GejOhjLt77Hcb1nEhuuvdYFIPrzrZKn.n3gjePqn/i0F2N6kaW,2026-09-08 18:44:15.372995+00,null,2026-09-08 18:43:22.323227+00,2026-09-08 18:44:15.386516+00,"{""sub"":""0c661ba2-9ac2-443c-ab1d-41ccd3b5453d"",""email"":""golimohamadi9609@gmail.com"",""full_name"":""آبی"",""email_verified"":true,""phone_verified"":false}","{""provider"":""email"",""providers"":[""email""]}"
d18d018e-310e-4c03-a64b-2c50e176ee17,e.valizadeh.1390@gmail.com,null,$2a$10$uOfWuvGLXXk.0VM5nNuuseVPtAOMQaRrY4B/W4dwb1R5IxSt7oTpS,null,null,2026-09-08 17:02:30.881923+00,null,"{""sub"":""d18d018e-310e-4c03-a64b-2c50e176ee17"",""email"":""e.valizadeh.1390@gmail.com"",""full_name"":""ELINA"",""email_verified"":false,""phone_verified"":false}","{""provider"":""email"",""providers"":[""email""]}"
b9075c3b-40a8-43fa-a588-2437d00ec825,fereshtehrouhollahi0@gmail.com,null,$2a$10$HAZfencUa1EMsJ8LOOHqSuHc343bpKXQ.GPwdNsHlPK/BwExg5JHq,null,null,2026-09-08 14:01:01.664125+00,null,"{""sub"":""b9075c3b-40a8-43fa-a588-2437d00ec825"",""email"":""fereshtehrouhollahi0@gmail.com"",""full_name"":""Mahak malek"",""email_verified"":false,""phone_verified"":false}","{""provider"":""email"",""providers"":[""email""]}"
93f07a5c-fc5d-4fa3-b2d8-632a417f30b3,13aria31@gmail.com,null,$2a$10$U4rnjfecO3V15cEkvusU8O0r3pp3SQ4LzpxeNsxedQK56WrginpHq,2026-09-08 11:30:08.884191+00,null,2026-09-08 11:29:36.93602+00,2026-09-08 11:30:08.891313+00,"{""sub"":""93f07a5c-fc5d-4fa3-b2d8-632a417f30b3"",""email"":""13aria31@gmail.com"",""full_name"":""آریان کاظمی"",""email_verified"":true,""phone_verified"":false}","{""provider"":""email"",""providers"":[""email""]}"
deeb7f6e-c227-47d3-894d-4da7f1951503,oo.shiva.sh@gmail.com,null,$2a$10$iAx8mvV0O1vU/yks2ZHsKu0QTUsxPdXR0xCF5aFZ7udNYKGP.DKdO,2026-09-08 11:27:51.857933+00,null,2026-09-08 11:27:19.089251+00,2026-09-08 11:27:51.864477+00,"{""sub"":""deeb7f6e-c227-47d3-894d-4da7f1951503"",""email"":""oo.shiva.sh@gmail.com"",""full_name"":""آبی"",""email_verified"":true,""phone_verified"":false}","{""provider"":""email"",""providers"":[""email""]}"
250128b6-6376-4a35-b652-175f27efe403,macan123456789m@gmail.com,null,$2a$10$lCZGR1oIzXmQptyajVdY5O.j2vl3MosGsKmvhqNAHyiBvvQ8/64MS,null,null,2026-09-08 09:59:37.251474+00,null,"{""sub"":""250128b6-6376-4a35-b652-175f27efe403"",""email"":""macan123456789m@gmail.com"",""full_name"":""آنا نیاستی"",""email_verified"":false,""phone_verified"":false}","{""provider"":""email"",""providers"":[""email""]}"
53231f01-3f32-47c6-b2d1-b8287842203f,v9328302@gmail.com,null,$2a$10$9MzKLD9IIB7YJ7CLeU.LkuggIK.iQxvAr48K8anZcTrm7qNOyyI2i,null,null,2026-09-08 04:28:09.150314+00,null,"{""sub"":""53231f01-3f32-47c6-b2d1-b8287842203f"",""email"":""v9328302@gmail.com"",""full_name"":""ویانا باغبان"",""email_verified"":false,""phone_verified"":false}","{""provider"":""email"",""providers"":[""email""]}"
4bda8570-c324-44f1-ac17-cd00ece953fa,elikaghafouri@gmail.com,null,$2a$10$4wiuchPDRVH3imxEUvywCu2vpfp6D9FQuK5HYxl0M9CgwBOtwWvbK,2026-09-07 22:45:43.607114+00,null,2026-09-07 22:45:20.331267+00,2026-09-07 22:45:43.624028+00,"{""sub"":""4bda8570-c324-44f1-ac17-cd00ece953fa"",""email"":""elikaghafouri@gmail.com"",""full_name"":""Elika"",""email_verified"":true,""phone_verified"":false}","{""provider"":""email"",""providers"":[""email""]}"
0243fa9d-b895-44b4-951a-158a287f2e96,roya.hamzavi2025@gmail.com,null,$2a$10$HxKZU.VwFCDhWt.evOryxuRReqIFhypEUG13UudyJievCiEp.jTEa,2026-09-07 19:33:17.283249+00,null,2026-09-07 19:32:36.275708+00,2026-09-07 19:33:17.297043+00,"{""sub"":""0243fa9d-b895-44b4-951a-158a287f2e96"",""email"":""roya.hamzavi2025@gmail.com"",""full_name"":""Roya"",""email_verified"":true,""phone_verified"":false}","{""provider"":""email"",""providers"":[""email""]}"
237f9eac-e569-4c7b-8c50-ea72081edf1f,elina.rashidi.2031@gmail.com,null,$2a$10$lYsoKs2vtIcFXBTo4coUweANM/inSIYDAVXpl12fUClqpUgz75rae,null,null,2026-09-07 15:18:20.998515+00,null,"{""sub"":""237f9eac-e569-4c7b-8c50-ea72081edf1f"",""email"":""elina.rashidi.2031@gmail.com"",""full_name"":""الینا"",""email_verified"":false,""phone_verified"":false}","{""provider"":""email"",""providers"":[""email""]}"
954b8a06-1280-45f1-ab24-ef4d4f2755ad,mobinabdi90@gmail.com,null,$2a$10$jAgmI4r09c.zqQBGk875jem7qS2KrDhfcEm2F/FZNLlGDSe..oHye,null,null,2026-09-07 14:45:08.823491+00,null,"{""sub"":""954b8a06-1280-45f1-ab24-ef4d4f2755ad"",""email"":""mobinabdi90@gmail.com"",""full_name"":""امیرعلی"",""email_verified"":false,""phone_verified"":false}","{""provider"":""email"",""providers"":[""email""]}"
db950176-7b58-4643-982e-caf729efe7c2,bahar98885@gmail.com,null,$2a$10$vYUhctvWfxAuU0EL.5PpX.eBxCNTCN/4u4u/uUd3owkDGvGH7NCU.,2026-09-07 10:34:46.785852+00,null,2026-09-07 10:34:19.473193+00,2026-09-07 10:34:46.791763+00,"{""sub"":""db950176-7b58-4643-982e-caf729efe7c2"",""email"":""bahar98885@gmail.com"",""full_name"":""بهار"",""email_verified"":true,""phone_verified"":false}","{""provider"":""email"",""providers"":[""email""]}"
2b5dc20e-af67-46af-bfc7-e6ac8da51b15,bahar89995@gmail.com,null,$2a$10$Rk399KwTSlhCZGXWsL3IhuHQsrFinsxWbtkFFTH626Cc01sbmZE5u,null,null,2026-09-07 10:33:28.735528+00,null,"{""sub"":""2b5dc20e-af67-46af-bfc7-e6ac8da51b15"",""email"":""bahar89995@gmail.com"",""full_name"":""بهار"",""email_verified"":false,""phone_verified"":false}","{""provider"":""email"",""providers"":[""email""]}"
e09e65bc-3983-43e2-b5ee-860307dfff39,h188n2010@gmail.com,null,$2a$10$m1rKBO.Mgxr6kjtBckeNxu4ujhMXFJnd6vDPPpDYXO/HD4yhL1QaC,2026-09-07 07:53:08.764525+00,null,2026-09-07 07:49:33.494796+00,2026-09-07 07:53:08.777334+00,"{""sub"":""e09e65bc-3983-43e2-b5ee-860307dfff39"",""email"":""h188n2010@gmail.com"",""full_name"":""حسن"",""email_verified"":true,""phone_verified"":false}","{""provider"":""email"",""providers"":[""email""]}"
2a950f17-7981-4860-8b20-dc7df0e984c7,xlilnsralhy1359@gmail.com,null,$2a$10$SF2C2G73IL0UmoAH3wf.vehc9axfDDVubbZg0o6IeLj255AfW.E1a,null,null,2026-09-07 05:19:36.466289+00,null,"{""sub"":""2a950f17-7981-4860-8b20-dc7df0e984c7"",""email"":""xlilnsralhy1359@gmail.com"",""full_name"":""حسن"",""email_verified"":false,""phone_verified"":false}","{""provider"":""email"",""providers"":[""email""]}"
119b5d42-72d4-43b5-977c-e0c855aa8ad3,11animes88@gmail.com,null,$2a$10$fzbHC7fGKlqp6I4qU9FPl.l7bd82MGhWziVawPbk7048Uz3chm4X2,2026-09-06 22:52:44.152128+00,null,2026-09-06 22:52:18.435943+00,2026-09-06 22:52:44.176943+00,"{""sub"":""119b5d42-72d4-43b5-977c-e0c855aa8ad3"",""email"":""11animes88@gmail.com"",""full_name"":""s m"",""email_verified"":true,""phone_verified"":false}","{""provider"":""email"",""providers"":[""email""]}"
0345d446-071d-4a4c-b697-7bc23d6ab395,jaleh3gol@gmail.com,null,$2a$10$GRUB4K.4dt1F9bpW5CwjrOZ3oTDg0pOcInm26cKP86fo0bVJFwJP2,2026-09-06 19:42:57.236245+00,null,2026-09-06 19:41:35.911597+00,2026-09-06 19:43:42.354342+00,"{""sub"":""0345d446-071d-4a4c-b697-7bc23d6ab395"",""email"":""jaleh3gol@gmail.com"",""full_name"":""داناک دهشمند"",""email_verified"":true,""phone_verified"":false}","{""provider"":""email"",""providers"":[""email""]}"
49eddf32-d1ca-4654-a5fe-befb733af811,daheshmanddanak@gmail.com,null,$2a$10$wK16fW1s2HQS.ewPkq9rue2GuGEQQf9x9kVBBKkFKavA1VkkpPbsi,null,null,2026-09-06 19:24:58.738364+00,null,"{""sub"":""49eddf32-d1ca-4654-a5fe-befb733af811"",""email"":""daheshmanddanak@gmail.com"",""full_name"":""داناک دهشمند"",""email_verified"":false,""phone_verified"":false}","{""provider"":""email"",""providers"":[""email""]}"
1450717b-e2f5-4710-8b4c-0cdbbebb96c2,wwkalty@gmail.com,null,$2a$10$GdJcj0IroNtskdKFfKFh3.x1fMfvADhjJG.FE0Fb5GcP79JGoBfxW,null,null,2026-09-06 19:03:53.098159+00,null,"{""sub"":""1450717b-e2f5-4710-8b4c-0cdbbebb96c2"",""email"":""wwkalty@gmail.com"",""full_name"":""دریا"",""email_verified"":false,""phone_verified"":false}","{""provider"":""email"",""providers"":[""email""]}"
369a9fb9-8382-40a6-b4d0-1ee5e915c5da,jack2214456@gmail.com,null,$2a$10$BGUOc8kvySxTEPD.8a/AHeaWUeMiUM/vRMMEds26/OD5JH//DPV4a,null,null,2026-09-06 17:50:35.03508+00,null,"{""sub"":""369a9fb9-8382-40a6-b4d0-1ee5e915c5da"",""email"":""jack2214456@gmail.com"",""full_name"":""لئون"",""email_verified"":false,""phone_verified"":false}","{""provider"":""email"",""providers"":[""email""]}"
d00e020f-23fe-429a-a5c5-af6796cb6857,raha89995@gmail.com,null,$2a$10$n/G8c781Qxr3hWfxtfARdukY/aIqNOMWlPDY1eHoBxnTO4DLQBIe.,2026-09-06 13:29:34.127521+00,null,2026-09-06 13:29:05.677086+00,2026-09-06 13:29:34.13216+00,"{""sub"":""d00e020f-23fe-429a-a5c5-af6796cb6857"",""email"":""raha89995@gmail.com"",""full_name"":""رها"",""email_verified"":true,""phone_verified"":false}","{""provider"":""email"",""providers"":[""email""]}"
4910efb8-e358-4bce-958e-1824020a936d,ormagiemad@gmail.com,null,$2a$10$RZNKquaNOfaPrNPNCEOe3.v7q0S1aAKvkFIgXxztySJkeE/mxLJBe,2026-09-06 13:08:24.240019+00,null,2026-09-06 13:07:59.993524+00,2026-09-06 13:09:16.553691+00,"{""sub"":""4910efb8-e358-4bce-958e-1824020a936d"",""email"":""ormagiemad@gmail.com"",""full_name"":""Ee"",""email_verified"":true,""phone_verified"":false}","{""provider"":""email"",""providers"":[""email""]}"
3fcf88e7-44b0-40b3-befc-38ebe7081bc3,niki.riyahi.1310@gmail.com,null,$2a$10$IEbJ5KcqYILaozQNqdH3O.UDe4XeyxueV5LYkosDQIKbV5n3hy9W6,2026-09-06 12:21:16.635238+00,null,2026-09-06 12:20:38.967707+00,2026-09-06 12:21:16.640238+00,"{""sub"":""3fcf88e7-44b0-40b3-befc-38ebe7081bc3"",""email"":""niki.riyahi.1310@gmail.com"",""full_name"":""Niki Arshad"",""email_verified"":true,""phone_verified"":false}","{""provider"":""email"",""providers"":[""email""]}"
e26d3930-f094-42a4-87c6-993feadd82fb,kianakohinejad@gmail.com,null,$2a$10$GgMtQ2LHrLPwg0JGvS4aduIurDUoxSDTHxqf0gXkZk2o..OtsEnxW,null,null,2026-09-05 21:08:58.714905+00,null,"{""sub"":""e26d3930-f094-42a4-87c6-993feadd82fb"",""email"":""kianakohinejad@gmail.com"",""full_name"":""Kiana Kohinejad"",""email_verified"":false,""phone_verified"":false}","{""provider"":""email"",""providers"":[""email""]}"
e571d381-0feb-4a70-b425-a7b1e086f5bb,anitaalinia131@gmail.com,null,$2a$10$YgX5lCZxcZDAhvk1ofywbenVDKmFYekj3ffj9AMP1jrFYVVpHBj6O,2026-09-05 20:02:47.25071+00,null,2026-09-05 20:01:50.174934+00,2026-09-05 20:03:00.650626+00,"{""sub"":""e571d381-0feb-4a70-b425-a7b1e086f5bb"",""email"":""anitaalinia131@gmail.com"",""full_name"":""Ruya"",""email_verified"":true,""phone_verified"":false}","{""provider"":""email"",""providers"":[""email""]}"
36a9db25-fbea-4f99-98c0-2b9cd7393b54,matinaroozdar@gmail.com,null,$2a$10$qPayfTpzLAWirgwSt8UHBuPtgMbt7XEP8V5DCczLLWDYMOVPzD0Ya,2026-09-05 19:05:13.181428+00,null,2026-09-05 18:10:14.443688+00,2026-09-05 19:05:55.992981+00,"{""sub"":""36a9db25-fbea-4f99-98c0-2b9cd7393b54"",""email"":""matinaroozdar@gmail.com"",""full_name"":""Matine"",""email_verified"":true,""phone_verified"":false}","{""provider"":""email"",""providers"":[""email""]}"
ce4f2422-ba0f-49ed-80e9-56259daca3ce,mehrsanhajihashemi8@gmail.com,null,$2a$10$Zy/OlcRYATvmNqtzgoT7vuTv2000GRuM4rWvg/hFicnyRxhtXpaAe,2026-09-05 17:12:31.592439+00,null,2026-09-05 17:10:23.883213+00,2026-09-05 17:12:31.598329+00,"{""sub"":""ce4f2422-ba0f-49ed-80e9-56259daca3ce"",""email"":""mehrsanhajihashemi8@gmail.com"",""full_name"":""Medusa 🖤 🐍"",""email_verified"":true,""phone_verified"":false}","{""provider"":""email"",""providers"":[""email""]}"
e8654263-b5b0-409b-b41e-86e44bd8fcf4,parisalame05@gmail.com,null,$2a$10$b0he.2tjIaYYoXlPz.g/peO1fi42C/nabIkvz.K01JK8ZpE4gEgIO,2026-09-05 14:51:09.665161+00,null,2026-09-05 14:48:43.175382+00,2026-09-05 14:51:23.800999+00,"{""sub"":""e8654263-b5b0-409b-b41e-86e44bd8fcf4"",""email"":""parisalame05@gmail.com"",""full_name"":""پریسا لامعی"",""email_verified"":true,""phone_verified"":false}","{""provider"":""email"",""providers"":[""email""]}"
99173e19-b012-416c-a988-db95a5fbd7e6,drsaarmany45@gmail.com,null,$2a$10$qgISpIET.2OKJR6HzwJfc.lhGKn1Pvr74SvgrfVksNB80Qh102IEu,2026-09-05 14:27:30.797632+00,null,2026-09-05 14:26:38.036847+00,2026-10-09 17:27:04.058097+00,"{""sub"":""99173e19-b012-416c-a988-db95a5fbd7e6"",""email"":""drsaarmany45@gmail.com"",""full_name"":""سیسی"",""email_verified"":true,""phone_verified"":false}","{""provider"":""email"",""providers"":[""email""]}"
39418b55-c8e7-42d7-9f22-9c0de739258c,erfanghazalghiasi@gmail.com,null,$2a$10$nCGyadwYrOxkGq/Z.8JYKukWnz8WKZvrJMUb15AmfxL8K0HeP138a,2026-09-05 13:57:52.942271+00,null,2026-09-05 13:52:44.917319+00,2026-09-05 13:58:09.286955+00,"{""sub"":""39418b55-c8e7-42d7-9f22-9c0de739258c"",""email"":""erfanghazalghiasi@gmail.com"",""full_name"":""لیوسا"",""email_verified"":true,""phone_verified"":false}","{""provider"":""email"",""providers"":[""email""]}"
4b9b181f-dd33-45fe-8b28-da859649cc43,javadkharai6@gmail.com,null,$2a$10$KdhjhX7aLsurgvL4NnqI7uB6S.b4b3oM8zk.ix9XMtJ8zYjInrfEW,null,null,2026-09-05 13:35:34.891805+00,null,"{""sub"":""4b9b181f-dd33-45fe-8b28-da859649cc43"",""email"":""javadkharai6@gmail.com"",""full_name"":""رزیتا"",""email_verified"":false,""phone_verified"":false}","{""provider"":""email"",""providers"":[""email""]}"
eeec83c5-fe59-4e11-b966-0c20737a0db9,ghazal.erfan58@gmail.com,null,$2a$10$LGOssN5qFFO7.VhNPfbd3eU/yfZs70A/R9yKvFC./NW1wT24VBTSq,null,null,2026-09-05 13:31:38.338261+00,null,"{""sub"":""eeec83c5-fe59-4e11-b966-0c20737a0db9"",""email"":""ghazal.erfan58@gmail.com"",""full_name"":""لیوسا"",""email_verified"":false,""phone_verified"":false}","{""provider"":""email"",""providers"":[""email""]}"
525bddeb-23cf-458b-ab1a-372eef796b75,helma.mansoori2022@gmail.com,null,$2a$10$o2QSVMBEOSmPagt7HvHkSOCbwCR7no6zzDMdLVbKsFW.L4q9n8fza,2026-09-05 12:54:03.066894+00,null,2026-09-05 12:53:02.201061+00,2026-09-05 12:55:01.325076+00,"{""sub"":""525bddeb-23cf-458b-ab1a-372eef796b75"",""email"":""helma.mansoori2022@gmail.com"",""full_name"":""Helma mansouri"",""email_verified"":true,""phone_verified"":false}","{""provider"":""email"",""providers"":[""email""]}"
c04ebad5-e0c6-480e-89b9-facb87001038,amirhosinqwe719@gmail.com,null,$2a$10$REjiGNimmHyh4Wg.nv8Sc.9JClGzSJK2IKFiIDaBQM2Ec6pMH/KYS,null,null,2026-09-05 12:23:40.487543+00,null,"{""sub"":""c04ebad5-e0c6-480e-89b9-facb87001038"",""email"":""amirhosinqwe719@gmail.com"",""full_name"":""امیر حسین"",""email_verified"":false,""phone_verified"":false}","{""provider"":""email"",""providers"":[""email""]}"
b1174eae-1e26-4aff-986b-2035eac098e2,tybym2181@gmail.com,null,$2a$10$9tnyuclKyCwU9outvluI9.0KNHU9bTcwF6drFfSsUd1G.y.ElqOSS,2026-10-08 09:00:31.304886+00,null,2026-09-05 10:06:34.39316+00,2026-10-08 09:00:31.315404+00,"{""sub"":""b1174eae-1e26-4aff-986b-2035eac098e2"",""email"":""tybym2181@gmail.com"",""full_name"":""مهلا طیبی"",""email_verified"":true,""phone_verified"":false}","{""provider"":""email"",""providers"":[""email""]}"
35f12734-805e-454d-b89a-8586a795d270,ruhifereshte@gmail.com,null,$2a$10$Av/GjE79K9mSFjjJw.972O.OZ7nv4Bbe2P56xB7phY4P9v1jMI6Wq,2026-09-05 06:50:58.171073+00,null,2026-09-05 06:49:41.605476+00,2026-09-26 14:14:52.304871+00,"{""sub"":""35f12734-805e-454d-b89a-8586a795d270"",""email"":""ruhifereshte@gmail.com"",""full_name"":""فرشته روحی"",""email_verified"":true,""phone_verified"":false}","{""provider"":""email"",""providers"":[""email""]}"
22ba3309-2b52-4de3-b23b-474ac7938dbe,hakemhrasten@gmail.com,null,$2a$10$Z6tzyOXS0B97s8MUTOVVcOSAXiGN9FTGlBJfthYUY4ga02viqf9O2,2026-09-05 05:39:50.368331+00,null,2026-09-05 05:39:03.840775+00,2026-09-05 05:39:50.375657+00,"{""sub"":""22ba3309-2b52-4de3-b23b-474ac7938dbe"",""email"":""hakemhrasten@gmail.com"",""full_name"":""عینا صالحی"",""email_verified"":true,""phone_verified"":false}","{""provider"":""email"",""providers"":[""email""]}"
047056ed-a64b-4d3c-817c-e294c15b0ca3,mhmdsadqzndhbwdy@gmail.com,null,$2a$10$vtaMDhWhjRrGbaCtJ.7GHewgqaLWp.ZhzSW8SqwyYyHGAcY2j5yu6,2026-09-05 00:59:49.178275+00,null,2026-09-05 00:58:53.562913+00,2026-09-05 00:59:49.183516+00,"{""sub"":""047056ed-a64b-4d3c-817c-e294c15b0ca3"",""email"":""mhmdsadqzndhbwdy@gmail.com"",""full_name"":""SANAM"",""email_verified"":true,""phone_verified"":false}","{""provider"":""email"",""providers"":[""email""]}"
da18e331-6ee1-4298-a245-608b3bcd58ec,abdolmohammadizahra916@gmail.com,null,$2a$10$pj8OhuBSXq7MbucR3DUQNuXu3EGE0pyYOQ3qDkTKLuyoiN/6lImeW,2026-09-04 17:06:48.494706+00,null,2026-09-04 17:05:13.431132+00,2026-10-07 20:12:18.093665+00,"{""sub"":""da18e331-6ee1-4298-a245-608b3bcd58ec"",""email"":""abdolmohammadizahra916@gmail.com"",""full_name"":""دنیز"",""email_verified"":true,""phone_verified"":false}","{""provider"":""email"",""providers"":[""email""]}"
b4c82551-b67e-4a55-971d-86fb40013c1b,arshida.m20@gmail.com,null,$2a$10$s5zzHBwbkuxUM2Z8Xvv8EeKHkp7Fk.P6S.obzYgabcOkuMsKaI/92,2026-09-06 04:21:24.985976+00,null,2026-09-04 12:01:10.008245+00,2026-09-06 04:21:24.992784+00,"{""sub"":""b4c82551-b67e-4a55-971d-86fb40013c1b"",""email"":""arshida.m20@gmail.com"",""full_name"":""☆آدلاید☆"",""email_verified"":true,""phone_verified"":false}","{""provider"":""email"",""providers"":[""email""]}"
a7b7356b-8bcd-4d37-aebd-e82ced201af7,adlaib.m20@gmail.com,null,$2a$10$0hRaqj7.CnsjcH37YcMOXuz/tjtrxWh8ke5rddsRDSyK54llH9x.e,null,null,2026-09-04 12:00:12.762935+00,null,"{""sub"":""a7b7356b-8bcd-4d37-aebd-e82ced201af7"",""email"":""adlaib.m20@gmail.com"",""full_name"":""☆آدلاید☆"",""email_verified"":false,""phone_verified"":false}","{""provider"":""email"",""providers"":[""email""]}"
60ef76bc-efce-48fe-b19d-3829f8d704d0,behrozbarannew1@gmail.com,null,$2a$10$s9MtRjyWK4/K6mRk7Etc/.3UWanrB2BjlOfEOchdVDDysZr2kkMl.,null,null,2026-09-04 11:28:35.670226+00,null,"{""sub"":""60ef76bc-efce-48fe-b19d-3829f8d704d0"",""email"":""behrozbarannew1@gmail.com"",""full_name"":""لیمو"",""email_verified"":false,""phone_verified"":false}","{""provider"":""email"",""providers"":[""email""]}"
b5882d98-de3b-4561-a891-52db4f89c55d,luciferlucifermeme@gmail.com,null,$2a$10$nprT1DppFHCCCnMLvb0oeepVDrYrkq175bqH3t3IcCYlko31Dock.,2026-09-03 21:38:36.83103+00,null,2026-09-03 21:37:55.928366+00,2026-09-03 21:38:36.878126+00,"{""sub"":""b5882d98-de3b-4561-a891-52db4f89c55d"",""email"":""luciferlucifermeme@gmail.com"",""full_name"":""کله تخم مرغی"",""email_verified"":true,""phone_verified"":false}","{""provider"":""email"",""providers"":[""email""]}"
44d19760-1657-4073-8894-7c0668383622,s41173673@gmail.com,null,$2a$10$a2wiaspOiStD8xFxoJQn0.LRCnHCYigw6t35tgGVhCc/dM2rN53RC,2026-09-03 18:15:53.057337+00,null,2026-09-03 18:09:53.413015+00,2026-09-03 18:15:53.068485+00,"{""sub"":""44d19760-1657-4073-8894-7c0668383622"",""email"":""s41173673@gmail.com"",""full_name"":""sanaz"",""email_verified"":true,""phone_verified"":false}","{""provider"":""email"",""providers"":[""email""]}"
03314ff1-f03e-4ef5-8dea-5153f028a43f,sanaz2027@gmail.com,null,$2a$10$vi/7sAwuQGmX3dkcCIZfRuUoB7MDCwK1mER7Jo7rfdbS0x8IkZIkC,null,null,2026-09-03 17:59:04.441364+00,null,"{""sub"":""03314ff1-f03e-4ef5-8dea-5153f028a43f"",""email"":""sanaz2027@gmail.com"",""full_name"":""sanaz"",""email_verified"":false,""phone_verified"":false}","{""provider"":""email"",""providers"":[""email""]}"
bb64074c-185a-42a6-a131-7cb484f72d78,rozhankhaksarr.23@gmail.com,null,$2a$10$T1n.2FmE5FTE8y7BoGidpuTrXRDtykJpsrmqp.WC0/opJNXJIA266,null,null,2026-09-03 13:16:14.71095+00,null,"{""sub"":""bb64074c-185a-42a6-a131-7cb484f72d78"",""email"":""rozhankhaksarr.23@gmail.com"",""full_name"":""Rozhan"",""email_verified"":false,""phone_verified"":false}","{""provider"":""email"",""providers"":[""email""]}"
7c5fd35a-ded0-4a51-8c6b-0bf897e23ea8,aydaahmadi6060@gmail.com,null,$2a$10$t4vUz/zoBxkVCmjHqSgXnumUyx9ZevmsLa4rOzApqEsfIopvDJ3ay,2026-09-03 12:31:35.562609+00,null,2026-09-03 12:31:15.227683+00,2026-09-03 12:33:23.752651+00,"{""sub"":""7c5fd35a-ded0-4a51-8c6b-0bf897e23ea8"",""email"":""aydaahmadi6060@gmail.com"",""full_name"":""Ayda Ahmadi"",""email_verified"":true,""phone_verified"":false}","{""provider"":""email"",""providers"":[""email""]}"
3082ef73-5922-4b70-8674-16fa7132c6b3,aydaahmadi172@gmail.com,null,$2a$10$2MEQrvQRURCSTaguZitcju2FswSYG6n0sohHKnzTiC2uMhr0YxWoO,null,null,2026-09-03 12:28:12.084106+00,null,"{""sub"":""3082ef73-5922-4b70-8674-16fa7132c6b3"",""email"":""aydaahmadi172@gmail.com"",""full_name"":""Ayda Ahmadi"",""email_verified"":false,""phone_verified"":false}","{""provider"":""email"",""providers"":[""email""]}"
b70a42d9-66ee-4fa8-a7cc-287eecf353c3,amirabas13991390@gmail.com,null,$2a$10$h1lTChMrb0psgo7la.ri.OSqSpCQDhpJO8Jvmr5Rzno4SSne/53C6,null,null,2026-09-03 06:55:57.672493+00,null,"{""sub"":""b70a42d9-66ee-4fa8-a7cc-287eecf353c3"",""email"":""amirabas13991390@gmail.com"",""full_name"":""Tanaz"",""email_verified"":false,""phone_verified"":false}","{""provider"":""email"",""providers"":[""email""]}"
f4869c86-51ba-48ec-8dc8-907dce622540,ava.manfall91@gmail.com,null,$2a$10$L58UCABsXuuvXWA9SedCA.BbwL6bE99jxHB06geOZn7Rh.aQFm5i2,null,null,2026-09-02 22:11:34.405743+00,null,"{""sub"":""f4869c86-51ba-48ec-8dc8-907dce622540"",""email"":""ava.manfall91@gmail.com"",""full_name"":""Ava"",""email_verified"":false,""phone_verified"":false}","{""provider"":""email"",""providers"":[""email""]}"
0b7e8fd7-ba7b-4a41-89ef-0296362a755d,aynazkrymy228@gmail.com,null,$2a$10$agOYeh1zv5wGukk0XTNdkeiqVAwR5p6geP.3RJYN95vnpFQs.owwe,2026-09-02 20:40:43.823724+00,null,2026-09-02 20:39:48.287373+00,2026-09-02 20:40:43.828743+00,"{""sub"":""0b7e8fd7-ba7b-4a41-89ef-0296362a755d"",""email"":""aynazkrymy228@gmail.com"",""full_name"":""Ay90"",""email_verified"":true,""phone_verified"":false}","{""provider"":""email"",""providers"":[""email""]}"
40c1d092-155c-4ed8-aa28-0726be7dc87b,maydh4729@gmail.com,null,$2a$10$hF92AFmCchglivYHQ8TfUOyAJFejsfbgGQp53Y4vmynstM3a43..a,2026-09-02 19:31:46.909054+00,null,2026-09-02 19:30:45.712276+00,2026-09-24 15:31:00.801832+00,"{""sub"":""40c1d092-155c-4ed8-aa28-0726be7dc87b"",""email"":""maydh4729@gmail.com"",""full_name"":""ماریا"",""email_verified"":true,""phone_verified"":false}","{""provider"":""email"",""providers"":[""email""]}"
ea014449-ecf3-4ecc-9131-255264646213,elima.skz18@gmail.com,null,$2a$10$qupsjJxxfgx5zWMq8YYKJun3m4Guvz34jduGCu.4fJRGe3C/6xj7.,null,null,2026-09-02 17:09:04.05343+00,null,"{""sub"":""ea014449-ecf3-4ecc-9131-255264646213"",""email"":""elima.skz18@gmail.com"",""full_name"":""الیما"",""email_verified"":false,""phone_verified"":false}","{""provider"":""email"",""providers"":[""email""]}"
924c0d87-da9e-4dc6-8d92-7bbdd983ec90,elima.skz@gmail.com,null,$2a$10$eR5xn2RsEVtZB2kBjVmXhe/BDyKPfD8ua1Tr/0uQZJpblCM3X0Fqi,null,null,2026-09-02 17:07:53.279248+00,null,"{""sub"":""924c0d87-da9e-4dc6-8d92-7bbdd983ec90"",""email"":""elima.skz@gmail.com"",""full_name"":""الیما"",""email_verified"":false,""phone_verified"":false}","{""provider"":""email"",""providers"":[""email""]}"
3fa7a27d-d2bc-4c3e-bc8b-9c507a380687,elima36900963@gmail.com,null,$2a$10$XfyG3z.MEbD3NOhAghn70udO96I3urjNpnycWzh6h55bnwBKHBJLK,null,null,2026-09-02 17:06:15.494795+00,null,"{""sub"":""3fa7a27d-d2bc-4c3e-bc8b-9c507a380687"",""email"":""elima36900963@gmail.com"",""full_name"":""الیما"",""email_verified"":false,""phone_verified"":false}","{""provider"":""email"",""providers"":[""email""]}"
332cf2f9-680b-4b4e-83a6-dae25b8fc25d,elimaskz@gmail.com,null,$2a$10$a8YWTjuqBjDZMAW2Vrm69OoadpwkL2CyXSaIfaZCs.GD98svK9ZQa,null,null,2026-09-02 17:02:45.550556+00,null,"{""sub"":""332cf2f9-680b-4b4e-83a6-dae25b8fc25d"",""email"":""elimaskz@gmail.com"",""full_name"":""الیما"",""email_verified"":false,""phone_verified"":false}","{""provider"":""email"",""providers"":[""email""]}"
ff79684d-2d41-45c0-a954-9812b1405d23,darya.gomari12@gmail.com,null,$2a$10$Gvx1zBgp4qIcPf2xp2RghO7tqHuFnTr6u8cyUTVVBOkH4DyrFVs8u,2026-09-02 16:05:29.167628+00,null,2026-09-02 16:04:42.838018+00,2026-09-02 16:05:29.175271+00,"{""sub"":""ff79684d-2d41-45c0-a954-9812b1405d23"",""email"":""darya.gomari12@gmail.com"",""full_name"":""Darya Gomari"",""email_verified"":true,""phone_verified"":false}","{""provider"":""email"",""providers"":[""email""]}"
51517a7d-49d6-4fe7-a566-bfe3b7872d84,danish1290@gmail.com,null,$2a$10$oms1aqGhqt2TjSldbvXBU.NGk/YRdBU.fhVNnk3/pMvWC1jEFjc/q,null,null,2026-09-02 15:43:34.213938+00,null,"{""sub"":""51517a7d-49d6-4fe7-a566-bfe3b7872d84"",""email"":""danish1290@gmail.com"",""full_name"":""Moonlight"",""email_verified"":false,""phone_verified"":false}","{""provider"":""email"",""providers"":[""email""]}"
ab2df50e-4048-45d7-95e2-69212a1e7447,nasrallah13852023@gmail.com,null,$2a$10$u8O9sLHeNgKTQODlp9zxRunmXuJwAtfRgkNWPvE4rAQ8oWH8HaFT.,2026-09-02 13:55:20.61974+00,null,2026-09-02 13:53:58.195935+00,2026-09-02 13:55:20.632504+00,"{""sub"":""ab2df50e-4048-45d7-95e2-69212a1e7447"",""email"":""nasrallah13852023@gmail.com"",""full_name"":""ارسلان"",""email_verified"":true,""phone_verified"":false}","{""provider"":""email"",""providers"":[""email""]}"
5b2b1882-2650-4e61-a7b5-c3db7ef2dcbd,sogandkaramad@gmail.com,null,$2a$10$ljcH6HtMGoJJIz7Cf5.p6.czZ9i5RdR1sQrTLdHJaiGb1VD/7YDJC,null,null,2026-09-02 10:30:35.089635+00,null,"{""sub"":""5b2b1882-2650-4e61-a7b5-c3db7ef2dcbd"",""email"":""sogandkaramad@gmail.com"",""full_name"":""دایانا"",""email_verified"":false,""phone_verified"":false}","{""provider"":""email"",""providers"":[""email""]}"
566d1556-ce55-41cf-8b35-c702e90fa6d2,09038691213@gmail.com,null,$2a$10$HLRMzR3zAKHO0noZZCqhfuwTdqpFeT6m1NF9UkEVUszLE8vstvCYW,null,null,2026-09-02 06:30:14.254624+00,null,"{""sub"":""566d1556-ce55-41cf-8b35-c702e90fa6d2"",""email"":""09038691213@gmail.com"",""full_name"":""……"",""email_verified"":false,""phone_verified"":false}","{""provider"":""email"",""providers"":[""email""]}"
d2604cdf-3e48-4592-b1e5-5fb0e2a05817,somayeh.khaksarian@gmail.com,null,$2a$10$JLbPgA3z4ZSztx4t25YGTeUcWCDwCtTxXYWuCNwKQLp4q0SWx7FOS,2026-09-02 05:10:17.132717+00,null,2026-09-02 05:09:39.305483+00,2026-09-02 05:10:17.136517+00,"{""sub"":""d2604cdf-3e48-4592-b1e5-5fb0e2a05817"",""email"":""somayeh.khaksarian@gmail.com"",""full_name"":""سمیه خاکساریان"",""email_verified"":true,""phone_verified"":false}","{""provider"":""email"",""providers"":[""email""]}"
a85a647c-bad4-4c2d-a5f2-f0d016ae0562,09113112217hosein@gmail.com,null,$2a$10$TQf8Z3OPpz35UONdtL.qp.hk6jZ2VbwL210uXXdN.EhN5sWbq.lwq,2026-09-02 00:08:47.218526+00,null,2026-09-02 00:08:21.025306+00,2026-09-02 00:09:02.442845+00,"{""sub"":""a85a647c-bad4-4c2d-a5f2-f0d016ae0562"",""email"":""09113112217hosein@gmail.com"",""full_name"":""امیر"",""email_verified"":true,""phone_verified"":false}","{""provider"":""email"",""providers"":[""email""]}"
6df45bfe-d52e-4a49-bbd7-429d9a27f0b9,hanaabsowheydary@gmail.com,null,$2a$10$BFJlKAuM4B4ay7xLUywY4O4HHas04m1kVqntUCQUS9agAi/bSXtua,2026-08-18 18:35:13.019608+00,null,2026-08-18 18:35:12.964608+00,2026-09-18 09:37:24.909879+00,"{""email_verified"":true}","{""provider"":""email"",""providers"":[""email""]}"
0f814472-8719-4e37-bfa6-7832f1e4f6ed,maryamrajadi@gmail.com,null,$2a$10$snXh.WvWeAZ7lD.XnyiIGuOm5zCi9R/bCR2rXwobXgLQycWSMa5tK,2026-08-15 16:16:44.117145+00,null,2026-08-15 16:16:44.086626+00,2026-08-28 20:44:16.680956+00,"{""email_verified"":true}","{""provider"":""email"",""providers"":[""email""]}"
397f8942-74d6-4cde-8158-3a58548d9282,mesma.original@gmail.com,null,$2a$10$fVXQR9DxgSskMvA1NiDTbOvbIKmtH2BkPOs6O9mumTgnQfpGO4ygm,2026-08-03 12:29:16.535067+00,null,2026-08-03 12:29:16.496958+00,2026-10-09 16:27:54.72522+00,"{""email_verified"":true}","{""provider"":""email"",""providers"":[""email""]}"